id,skillid,level,attribute,fixed,describe,mp
1,1,1,10000,0,无,0
2,2,1,10000,0,无,0
3,3,1,10000,0,无,0
4,4,1,10000,0,无,0
5,5,1,10000,0,无,0
6,6,1,10000,0,无,0
7,8,1,10000,0,无,0
8,24,1,10000,0,无,0
9,30,1,10000,0,无,0
10,70001,1,10000,0,无,1
11,70002,1,10000,0,无,2
12,70003,1,10000,0,无,3
13,70004,1,10000,0,无,4
14,70005,1,10000,0,无,5
15,70006,1,10000,0,无,6
16,70007,1,10000,0,无,7
17,70008,1,10000,0,无,8
18,70009,1,10000,0,无,9
19,70010,1,10000,0,无,10
20,70011,1,10000,0,无,11
21,70012,1,10000,0,无,12
22,100000,1,0,0,无,0
23,100001,1,0,0,无,0
24,100002,1,0,0,无,0
25,200101,1,5500,0,战士普攻一段,0
26,200102,1,7000,0,战士普攻二段,0
27,200103,1,8500,0,战士普攻三段,0
28,100101,0,10000,0,近战群体技能：猛力向前斩击，对直线范围目标造成伤害\n荒火绝剑，修罗怒斩),0
29,100101,1,11500,750,对前方直线范围内的目标造成{0}伤害，附加{1}额外伤害,120
30,100101,2,11650,825,对前方直线范围内的目标造成{0}伤害，附加{1}额外伤害,132
31,100101,3,11800,900,对前方直线范围内的目标造成{0}伤害，附加{1}额外伤害,144
32,100101,4,11950,975,对前方直线范围内的目标造成{0}伤害，附加{1}额外伤害,156
33,100101,5,12100,1050,对前方直线范围内的目标造成{0}伤害，附加{1}额外伤害,168
34,100101,6,12250,1125,对前方直线范围内的目标造成{0}伤害，附加{1}额外伤害,180
35,100101,7,12400,1200,对前方直线范围内的目标造成{0}伤害，附加{1}额外伤害,192
36,100101,8,12550,1275,对前方直线范围内的目标造成{0}伤害，附加{1}额外伤害,204
37,100101,9,12700,1350,对前方直线范围内的目标造成{0}伤害，附加{1}额外伤害,216
38,100101,10,12850,1425,对前方直线范围内的目标造成{0}伤害，附加{1}额外伤害,228
39,100101,11,13000,1500,对前方直线范围内的目标造成{0}伤害，附加{1}额外伤害,240
40,100101,12,13150,1575,对前方直线范围内的目标造成{0}伤害，附加{1}额外伤害,252
41,100101,13,13300,1650,对前方直线范围内的目标造成{0}伤害，附加{1}额外伤害,264
42,100101,14,13450,1725,对前方直线范围内的目标造成{0}伤害，附加{1}额外伤害,276
43,100101,15,13600,1800,对前方直线范围内的目标造成{0}伤害，附加{1}额外伤害,288
44,100101,16,13750,1875,对前方直线范围内的目标造成{0}伤害，附加{1}额外伤害,300
45,100101,17,13900,1950,对前方直线范围内的目标造成{0}伤害，附加{1}额外伤害,312
46,100101,18,14050,2025,对前方直线范围内的目标造成{0}伤害，附加{1}额外伤害,324
47,100101,19,14200,2100,对前方直线范围内的目标造成{0}伤害，附加{1}额外伤害,336
48,100101,20,14350,2175,对前方直线范围内的目标造成{0}伤害，附加{1}额外伤害,348
49,100101,21,14500,2250,对前方直线范围内的目标造成{0}伤害，附加{1}额外伤害,360
50,100101,22,14650,2325,对前方直线范围内的目标造成{0}伤害，附加{1}额外伤害,372
51,100101,23,14800,2400,对前方直线范围内的目标造成{0}伤害，附加{1}额外伤害,384
52,100101,24,14950,2475,对前方直线范围内的目标造成{0}伤害，附加{1}额外伤害,396
53,100101,25,15100,2550,对前方直线范围内的目标造成{0}伤害，附加{1}额外伤害,408
54,100101,26,15250,2625,对前方直线范围内的目标造成{0}伤害，附加{1}额外伤害,420
55,100101,27,15400,2700,对前方直线范围内的目标造成{0}伤害，附加{1}额外伤害,432
56,100101,28,15550,2775,对前方直线范围内的目标造成{0}伤害，附加{1}额外伤害,444
57,100101,29,15700,2850,对前方直线范围内的目标造成{0}伤害，附加{1}额外伤害,456
58,100101,30,15850,2925,对前方直线范围内的目标造成{0}伤害，附加{1}额外伤害,468
59,100101,31,16000,3000,对前方直线范围内的目标造成{0}伤害，附加{1}额外伤害,480
60,100101,32,16150,3075,对前方直线范围内的目标造成{0}伤害，附加{1}额外伤害,492
61,100101,33,16300,3150,对前方直线范围内的目标造成{0}伤害，附加{1}额外伤害,504
62,100101,34,16450,3225,对前方直线范围内的目标造成{0}伤害，附加{1}额外伤害,516
63,100101,35,16600,3300,对前方直线范围内的目标造成{0}伤害，附加{1}额外伤害,528
64,100101,36,16750,3375,对前方直线范围内的目标造成{0}伤害，附加{1}额外伤害,540
65,100101,37,16900,3450,对前方直线范围内的目标造成{0}伤害，附加{1}额外伤害,552
66,100101,38,17050,3525,对前方直线范围内的目标造成{0}伤害，附加{1}额外伤害,564
67,100101,39,17200,3600,对前方直线范围内的目标造成{0}伤害，附加{1}额外伤害,576
68,100101,40,17350,3675,对前方直线范围内的目标造成{0}伤害，附加{1}额外伤害,588
69,100101,41,17500,3750,对前方直线范围内的目标造成{0}伤害，附加{1}额外伤害,600
70,100102,0,0,0,近战群体技能：召唤血龙轰击地面，对范围目标造成伤害[-]\n(真龙血魄，绝意狂岚),0
71,100102,1,7670,333,召唤血龙轰击地面，每次对目标造成{0}伤害，附加{1}额外伤害，并降低目标移动速度20%，持续3秒。,160
72,100102,2,7730,367,召唤血龙轰击地面，每次对目标造成{0}伤害，附加{1}额外伤害，并降低目标移动速度20%，持续3秒。,176
73,100102,3,7800,400,召唤血龙轰击地面，每次对目标造成{0}伤害，附加{1}额外伤害，并降低目标移动速度20%，持续3秒。,192
74,100102,4,7870,433,召唤血龙轰击地面，每次对目标造成{0}伤害，附加{1}额外伤害，并降低目标移动速度20%，持续3秒。,208
75,100102,5,7930,467,召唤血龙轰击地面，每次对目标造成{0}伤害，附加{1}额外伤害，并降低目标移动速度20%，持续3秒。,224
76,100102,6,8000,500,召唤血龙轰击地面，每次对目标造成{0}伤害，附加{1}额外伤害，并降低目标移动速度20%，持续3秒。,240
77,100102,7,8070,533,召唤血龙轰击地面，每次对目标造成{0}伤害，附加{1}额外伤害，并降低目标移动速度20%，持续3秒。,256
78,100102,8,8130,567,召唤血龙轰击地面，每次对目标造成{0}伤害，附加{1}额外伤害，并降低目标移动速度20%，持续3秒。,272
79,100102,9,8200,600,召唤血龙轰击地面，每次对目标造成{0}伤害，附加{1}额外伤害，并降低目标移动速度20%，持续3秒。,288
80,100102,10,8270,633,召唤血龙轰击地面，每次对目标造成{0}伤害，附加{1}额外伤害，并降低目标移动速度20%，持续3秒。,304
81,100102,11,8330,667,召唤血龙轰击地面，每次对目标造成{0}伤害，附加{1}额外伤害，并降低目标移动速度20%，持续3秒。,320
82,100102,12,8400,700,召唤血龙轰击地面，每次对目标造成{0}伤害，附加{1}额外伤害，并降低目标移动速度20%，持续3秒。,336
83,100102,13,8460,733,召唤血龙轰击地面，每次对目标造成{0}伤害，附加{1}额外伤害，并降低目标移动速度20%，持续3秒。,352
84,100102,14,8530,767,召唤血龙轰击地面，每次对目标造成{0}伤害，附加{1}额外伤害，并降低目标移动速度20%，持续3秒。,368
85,100102,15,8600,800,召唤血龙轰击地面，每次对目标造成{0}伤害，附加{1}额外伤害，并降低目标移动速度20%，持续3秒。,384
86,100102,16,8660,833,召唤血龙轰击地面，每次对目标造成{0}伤害，附加{1}额外伤害，并降低目标移动速度20%，持续3秒。,400
87,100102,17,8730,867,召唤血龙轰击地面，每次对目标造成{0}伤害，附加{1}额外伤害，并降低目标移动速度20%，持续3秒。,416
88,100102,18,8800,900,召唤血龙轰击地面，每次对目标造成{0}伤害，附加{1}额外伤害，并降低目标移动速度20%，持续3秒。,432
89,100102,19,8860,933,召唤血龙轰击地面，每次对目标造成{0}伤害，附加{1}额外伤害，并降低目标移动速度20%，持续3秒。,448
90,100102,20,8930,967,召唤血龙轰击地面，每次对目标造成{0}伤害，附加{1}额外伤害，并降低目标移动速度20%，持续3秒。,464
91,100102,21,9000,1000,召唤血龙轰击地面，每次对目标造成{0}伤害，附加{1}额外伤害，并降低目标移动速度20%，持续3秒。,480
92,100102,22,9070,1033,召唤血龙轰击地面，每次对目标造成{0}伤害，附加{1}额外伤害，并降低目标移动速度20%，持续3秒。,496
93,100102,23,9140,1067,召唤血龙轰击地面，每次对目标造成{0}伤害，附加{1}额外伤害，并降低目标移动速度20%，持续3秒。,512
94,100102,24,9200,1100,召唤血龙轰击地面，每次对目标造成{0}伤害，附加{1}额外伤害，并降低目标移动速度20%，持续3秒。,528
95,100102,25,9270,1133,召唤血龙轰击地面，每次对目标造成{0}伤害，附加{1}额外伤害，并降低目标移动速度20%，持续3秒。,544
96,100102,26,9340,1167,召唤血龙轰击地面，每次对目标造成{0}伤害，附加{1}额外伤害，并降低目标移动速度20%，持续3秒。,560
97,100102,27,9400,1200,召唤血龙轰击地面，每次对目标造成{0}伤害，附加{1}额外伤害，并降低目标移动速度20%，持续3秒。,576
98,100102,28,9470,1233,召唤血龙轰击地面，每次对目标造成{0}伤害，附加{1}额外伤害，并降低目标移动速度20%，持续3秒。,592
99,100102,29,9540,1267,召唤血龙轰击地面，每次对目标造成{0}伤害，附加{1}额外伤害，并降低目标移动速度20%，持续3秒。,608
100,100102,30,9600,1300,召唤血龙轰击地面，每次对目标造成{0}伤害，附加{1}额外伤害，并降低目标移动速度20%，持续3秒。,624
101,100102,31,9670,1333,召唤血龙轰击地面，每次对目标造成{0}伤害，附加{1}额外伤害，并降低目标移动速度20%，持续3秒。,640
102,100102,32,9740,1367,召唤血龙轰击地面，每次对目标造成{0}伤害，附加{1}额外伤害，并降低目标移动速度20%，持续3秒。,656
103,100102,33,9800,1400,召唤血龙轰击地面，每次对目标造成{0}伤害，附加{1}额外伤害，并降低目标移动速度20%，持续3秒。,672
104,100102,34,9870,1433,召唤血龙轰击地面，每次对目标造成{0}伤害，附加{1}额外伤害，并降低目标移动速度20%，持续3秒。,688
105,100102,35,9930,1467,召唤血龙轰击地面，每次对目标造成{0}伤害，附加{1}额外伤害，并降低目标移动速度20%，持续3秒。,704
106,100102,36,10000,1500,召唤血龙轰击地面，每次对目标造成{0}伤害，附加{1}额外伤害，并降低目标移动速度20%，持续3秒。,720
107,100102,37,10070,1533,召唤血龙轰击地面，每次对目标造成{0}伤害，附加{1}额外伤害，并降低目标移动速度20%，持续3秒。,736
108,100102,38,10130,1567,召唤血龙轰击地面，每次对目标造成{0}伤害，附加{1}额外伤害，并降低目标移动速度20%，持续3秒。,752
109,100102,39,10200,1600,召唤血龙轰击地面，每次对目标造成{0}伤害，附加{1}额外伤害，并降低目标移动速度20%，持续3秒。,768
110,100102,40,10270,1633,召唤血龙轰击地面，每次对目标造成{0}伤害，附加{1}额外伤害，并降低目标移动速度20%，持续3秒。,784
111,100102,41,10330,1667,召唤血龙轰击地面，每次对目标造成{0}伤害，附加{1}额外伤害，并降低目标移动速度20%，持续3秒。,800
112,100103,0,5420,208,近战群体技能：紧握武器旋转，对范围内敌人持续造成伤害\n(剑舞若风，游龙行空),0
113,100103,1,5420,208,挥舞武器旋转攻击，对范围内敌人造成{0}伤害，附加{1}额外伤害，最多造成6次伤害。,200
114,100103,2,5460,229,挥舞武器旋转攻击，对范围内敌人造成{0}伤害，附加{1}额外伤害，最多造成6次伤害。,220
115,100103,3,5500,250,挥舞武器旋转攻击，对范围内敌人造成{0}伤害，附加{1}额外伤害，最多造成6次伤害。,240
116,100103,4,5540,271,挥舞武器旋转攻击，对范围内敌人造成{0}伤害，附加{1}额外伤害，最多造成6次伤害。,260
117,100103,5,5580,292,挥舞武器旋转攻击，对范围内敌人造成{0}伤害，附加{1}额外伤害，最多造成6次伤害。,280
118,100103,6,5630,313,挥舞武器旋转攻击，对范围内敌人造成{0}伤害，附加{1}额外伤害，最多造成6次伤害。,300
119,100103,7,5670,333,挥舞武器旋转攻击，对范围内敌人造成{0}伤害，附加{1}额外伤害，最多造成6次伤害。,320
120,100103,8,5710,354,挥舞武器旋转攻击，对范围内敌人造成{0}伤害，附加{1}额外伤害，最多造成6次伤害。,340
121,100103,9,5750,375,挥舞武器旋转攻击，对范围内敌人造成{0}伤害，附加{1}额外伤害，最多造成6次伤害。,360
122,100103,10,5790,396,挥舞武器旋转攻击，对范围内敌人造成{0}伤害，附加{1}额外伤害，最多造成6次伤害。,380
123,100103,11,5840,417,挥舞武器旋转攻击，对范围内敌人造成{0}伤害，附加{1}额外伤害，最多造成6次伤害。,400
124,100103,12,5880,438,挥舞武器旋转攻击，对范围内敌人造成{0}伤害，附加{1}额外伤害，最多造成6次伤害。,420
125,100103,13,5920,458,挥舞武器旋转攻击，对范围内敌人造成{0}伤害，附加{1}额外伤害，最多造成6次伤害。,440
126,100103,14,5960,479,挥舞武器旋转攻击，对范围内敌人造成{0}伤害，附加{1}额外伤害，最多造成6次伤害。,460
127,100103,15,6000,500,挥舞武器旋转攻击，对范围内敌人造成{0}伤害，附加{1}额外伤害，最多造成6次伤害。,480
128,100103,16,6040,521,挥舞武器旋转攻击，对范围内敌人造成{0}伤害，附加{1}额外伤害，最多造成6次伤害。,500
129,100103,17,6080,542,挥舞武器旋转攻击，对范围内敌人造成{0}伤害，附加{1}额外伤害，最多造成6次伤害。,520
130,100103,18,6130,563,挥舞武器旋转攻击，对范围内敌人造成{0}伤害，附加{1}额外伤害，最多造成6次伤害。,540
131,100103,19,6170,583,挥舞武器旋转攻击，对范围内敌人造成{0}伤害，附加{1}额外伤害，最多造成6次伤害。,560
132,100103,20,6210,604,挥舞武器旋转攻击，对范围内敌人造成{0}伤害，附加{1}额外伤害，最多造成6次伤害。,580
133,100103,21,6250,625,挥舞武器旋转攻击，对范围内敌人造成{0}伤害，附加{1}额外伤害，最多造成6次伤害。,600
134,100103,22,6290,646,挥舞武器旋转攻击，对范围内敌人造成{0}伤害，附加{1}额外伤害，最多造成6次伤害。,620
135,100103,23,6330,667,挥舞武器旋转攻击，对范围内敌人造成{0}伤害，附加{1}额外伤害，最多造成6次伤害。,640
136,100103,24,6380,688,挥舞武器旋转攻击，对范围内敌人造成{0}伤害，附加{1}额外伤害，最多造成6次伤害。,660
137,100103,25,6420,708,挥舞武器旋转攻击，对范围内敌人造成{0}伤害，附加{1}额外伤害，最多造成6次伤害。,680
138,100103,26,6460,729,挥舞武器旋转攻击，对范围内敌人造成{0}伤害，附加{1}额外伤害，最多造成6次伤害。,700
139,100103,27,6500,750,挥舞武器旋转攻击，对范围内敌人造成{0}伤害，附加{1}额外伤害，最多造成6次伤害。,720
140,100103,28,6540,771,挥舞武器旋转攻击，对范围内敌人造成{0}伤害，附加{1}额外伤害，最多造成6次伤害。,740
141,100103,29,6580,792,挥舞武器旋转攻击，对范围内敌人造成{0}伤害，附加{1}额外伤害，最多造成6次伤害。,760
142,100103,30,6630,813,挥舞武器旋转攻击，对范围内敌人造成{0}伤害，附加{1}额外伤害，最多造成6次伤害。,780
143,100103,31,6670,833,挥舞武器旋转攻击，对范围内敌人造成{0}伤害，附加{1}额外伤害，最多造成6次伤害。,800
144,100103,32,6710,854,挥舞武器旋转攻击，对范围内敌人造成{0}伤害，附加{1}额外伤害，最多造成6次伤害。,820
145,100103,33,6750,875,挥舞武器旋转攻击，对范围内敌人造成{0}伤害，附加{1}额外伤害，最多造成6次伤害。,840
146,100103,34,6790,896,挥舞武器旋转攻击，对范围内敌人造成{0}伤害，附加{1}额外伤害，最多造成6次伤害。,860
147,100103,35,6830,917,挥舞武器旋转攻击，对范围内敌人造成{0}伤害，附加{1}额外伤害，最多造成6次伤害。,880
148,100103,36,6880,938,挥舞武器旋转攻击，对范围内敌人造成{0}伤害，附加{1}额外伤害，最多造成6次伤害。,900
149,100103,37,6920,958,挥舞武器旋转攻击，对范围内敌人造成{0}伤害，附加{1}额外伤害，最多造成6次伤害。,920
150,100103,38,6960,979,挥舞武器旋转攻击，对范围内敌人造成{0}伤害，附加{1}额外伤害，最多造成6次伤害。,940
151,100103,39,7000,1000,挥舞武器旋转攻击，对范围内敌人造成{0}伤害，附加{1}额外伤害，最多造成6次伤害。,960
152,100103,40,7040,1021,挥舞武器旋转攻击，对范围内敌人造成{0}伤害，附加{1}额外伤害，最多造成6次伤害。,980
153,100103,41,7080,1042,挥舞武器旋转攻击，对范围内敌人造成{0}伤害，附加{1}额外伤害，最多造成6次伤害。,1000
154,100104,0,0,0,远程单体技能：将目标拉至身前，并将目标定身\n(独臂撼天，神通降世),0
155,100104,1,13500,3000,施展摘星手将目标拖拽至自己面前，拖拽造成{0}伤害，附加{1}额外伤害，并将目标定身1秒。,280
156,100104,2,13850,3150,施展摘星手将目标拖拽至自己面前，拖拽造成{0}伤害，附加{1}额外伤害，并将目标定身1秒。,308
157,100104,3,14200,3300,施展摘星手将目标拖拽至自己面前，拖拽造成{0}伤害，附加{1}额外伤害，并将目标定身1秒。,336
158,100104,4,14550,3450,施展摘星手将目标拖拽至自己面前，拖拽造成{0}伤害，附加{1}额外伤害，并将目标定身1秒。,364
159,100104,5,14900,3600,施展摘星手将目标拖拽至自己面前，拖拽造成{0}伤害，附加{1}额外伤害，并将目标定身1秒。,392
160,100104,6,15250,3750,施展摘星手将目标拖拽至自己面前，拖拽造成{0}伤害，附加{1}额外伤害，并将目标定身1秒。,420
161,100104,7,15600,3900,施展摘星手将目标拖拽至自己面前，拖拽造成{0}伤害，附加{1}额外伤害，并将目标定身1秒。,448
162,100104,8,15950,4050,施展摘星手将目标拖拽至自己面前，拖拽造成{0}伤害，附加{1}额外伤害，并将目标定身1秒。,476
163,100104,9,16300,4200,施展摘星手将目标拖拽至自己面前，拖拽造成{0}伤害，附加{1}额外伤害，并将目标定身1秒。,504
164,100104,10,16650,4350,施展摘星手将目标拖拽至自己面前，拖拽造成{0}伤害，附加{1}额外伤害，并将目标定身1秒。,532
165,100104,11,17000,4500,施展摘星手将目标拖拽至自己面前，拖拽造成{0}伤害，附加{1}额外伤害，并将目标定身1秒。,560
166,100104,12,17350,4650,施展摘星手将目标拖拽至自己面前，拖拽造成{0}伤害，附加{1}额外伤害，并将目标定身1秒。,588
167,100104,13,17700,4800,施展摘星手将目标拖拽至自己面前，拖拽造成{0}伤害，附加{1}额外伤害，并将目标定身1秒。,616
168,100104,14,18050,4950,施展摘星手将目标拖拽至自己面前，拖拽造成{0}伤害，附加{1}额外伤害，并将目标定身1秒。,644
169,100104,15,18400,5100,施展摘星手将目标拖拽至自己面前，拖拽造成{0}伤害，附加{1}额外伤害，并将目标定身1秒。,672
170,100104,16,18750,5250,施展摘星手将目标拖拽至自己面前，拖拽造成{0}伤害，附加{1}额外伤害，并将目标定身1秒。,700
171,100104,17,19100,5400,施展摘星手将目标拖拽至自己面前，拖拽造成{0}伤害，附加{1}额外伤害，并将目标定身1秒。,728
172,100104,18,19450,5550,施展摘星手将目标拖拽至自己面前，拖拽造成{0}伤害，附加{1}额外伤害，并将目标定身1秒。,756
173,100104,19,19800,5700,施展摘星手将目标拖拽至自己面前，拖拽造成{0}伤害，附加{1}额外伤害，并将目标定身1秒。,784
174,100104,20,20150,5850,施展摘星手将目标拖拽至自己面前，拖拽造成{0}伤害，附加{1}额外伤害，并将目标定身1秒。,812
175,100104,21,20500,6000,施展摘星手将目标拖拽至自己面前，拖拽造成{0}伤害，附加{1}额外伤害，并将目标定身1秒。,840
176,100104,22,20850,6150,施展摘星手将目标拖拽至自己面前，拖拽造成{0}伤害，附加{1}额外伤害，并将目标定身1秒。,868
177,100104,23,21200,6300,施展摘星手将目标拖拽至自己面前，拖拽造成{0}伤害，附加{1}额外伤害，并将目标定身1秒。,896
178,100104,24,21550,6450,施展摘星手将目标拖拽至自己面前，拖拽造成{0}伤害，附加{1}额外伤害，并将目标定身1秒。,924
179,100104,25,21900,6600,施展摘星手将目标拖拽至自己面前，拖拽造成{0}伤害，附加{1}额外伤害，并将目标定身1秒。,952
180,100104,26,22250,6750,施展摘星手将目标拖拽至自己面前，拖拽造成{0}伤害，附加{1}额外伤害，并将目标定身1秒。,980
181,100104,27,22600,6900,施展摘星手将目标拖拽至自己面前，拖拽造成{0}伤害，附加{1}额外伤害，并将目标定身1秒。,1008
182,100104,28,22950,7050,施展摘星手将目标拖拽至自己面前，拖拽造成{0}伤害，附加{1}额外伤害，并将目标定身1秒。,1036
183,100104,29,23300,7200,施展摘星手将目标拖拽至自己面前，拖拽造成{0}伤害，附加{1}额外伤害，并将目标定身1秒。,1064
184,100104,30,23650,7350,施展摘星手将目标拖拽至自己面前，拖拽造成{0}伤害，附加{1}额外伤害，并将目标定身1秒。,1092
185,100104,31,24000,7500,施展摘星手将目标拖拽至自己面前，拖拽造成{0}伤害，附加{1}额外伤害，并将目标定身1秒。,1120
186,100104,32,24350,5850,施展摘星手将目标拖拽至自己面前，拖拽造成{0}伤害，附加{1}额外伤害，并将目标定身1秒。,1148
187,100104,33,24700,6000,施展摘星手将目标拖拽至自己面前，拖拽造成{0}伤害，附加{1}额外伤害，并将目标定身1秒。,1176
188,100104,34,25050,6150,施展摘星手将目标拖拽至自己面前，拖拽造成{0}伤害，附加{1}额外伤害，并将目标定身1秒。,1204
189,100104,35,25400,6300,施展摘星手将目标拖拽至自己面前，拖拽造成{0}伤害，附加{1}额外伤害，并将目标定身1秒。,1232
190,100104,36,25750,6450,施展摘星手将目标拖拽至自己面前，拖拽造成{0}伤害，附加{1}额外伤害，并将目标定身1秒。,1260
191,100104,37,26100,6600,施展摘星手将目标拖拽至自己面前，拖拽造成{0}伤害，附加{1}额外伤害，并将目标定身1秒。,1288
192,100104,38,26450,6750,施展摘星手将目标拖拽至自己面前，拖拽造成{0}伤害，附加{1}额外伤害，并将目标定身1秒。,1316
193,100104,39,26800,6900,施展摘星手将目标拖拽至自己面前，拖拽造成{0}伤害，附加{1}额外伤害，并将目标定身1秒。,1344
194,100104,40,27150,7050,施展摘星手将目标拖拽至自己面前，拖拽造成{0}伤害，附加{1}额外伤害，并将目标定身1秒。,1372
195,100104,41,27500,7200,施展摘星手将目标拖拽至自己面前，拖拽造成{0}伤害，附加{1}额外伤害，并将目标定身1秒。,1400
196,100105,0,1000,0,被动技能：提升人物基础生命值\n(玄功圣体，炼体之极),0
197,100105,1,1000,0,提升人物{0}基础生命值,0
198,100105,2,1100,0,提升人物{0}基础生命值,0
199,100105,3,1200,0,提升人物{0}基础生命值,0
200,100105,4,1300,0,提升人物{0}基础生命值,0
201,100105,5,1400,0,提升人物{0}基础生命值,0
202,100105,6,1500,0,提升人物{0}基础生命值,0
203,100105,7,1600,0,提升人物{0}基础生命值,0
204,100105,8,1700,0,提升人物{0}基础生命值,0
205,100105,9,1800,0,提升人物{0}基础生命值,0
206,100105,10,1900,0,提升人物{0}基础生命值,0
207,100105,11,2000,0,提升人物{0}基础生命值,0
208,100105,12,2100,0,提升人物{0}基础生命值,0
209,100105,13,2200,0,提升人物{0}基础生命值,0
210,100105,14,2300,0,提升人物{0}基础生命值,0
211,100105,15,2400,0,提升人物{0}基础生命值,0
212,100105,16,2500,0,提升人物{0}基础生命值,0
213,100105,17,2600,0,提升人物{0}基础生命值,0
214,100105,18,2700,0,提升人物{0}基础生命值,0
215,100105,19,2800,0,提升人物{0}基础生命值,0
216,100105,20,2900,0,提升人物{0}基础生命值,0
217,100105,21,3000,0,提升人物{0}基础生命值,0
218,100105,22,3100,0,提升人物{0}基础生命值,0
219,100105,23,3200,0,提升人物{0}基础生命值,0
220,100105,24,3300,0,提升人物{0}基础生命值,0
221,100105,25,3400,0,提升人物{0}基础生命值,0
222,100105,26,3500,0,提升人物{0}基础生命值,0
223,100105,27,3600,0,提升人物{0}基础生命值,0
224,100105,28,3700,0,提升人物{0}基础生命值,0
225,100105,29,3800,0,提升人物{0}基础生命值,0
226,100105,30,3900,0,提升人物{0}基础生命值,0
227,100105,31,4000,0,提升人物{0}基础生命值,0
228,100105,32,4100,0,提升人物{0}基础生命值,0
229,100105,33,4200,0,提升人物{0}基础生命值,0
230,100105,34,4300,0,提升人物{0}基础生命值,0
231,100105,35,4400,0,提升人物{0}基础生命值,0
232,100105,36,4500,0,提升人物{0}基础生命值,0
233,100105,37,4600,0,提升人物{0}基础生命值,0
234,100105,38,4700,0,提升人物{0}基础生命值,0
235,100105,39,4800,0,提升人物{0}基础生命值,0
236,100105,40,4900,0,提升人物{0}基础生命值,0
237,100105,41,5000,0,提升人物{0}基础生命值,0
238,100106,0,0,0,被动技能：攻击时有几率回复血量\n(神魔炼体，滴血重生),0
239,100106,1,100,500,攻击时有几率回复自身{0}血量，额外附加{1}点,0
240,100106,2,110,550,攻击时有几率回复自身{0}血量，额外附加{1}点,0
241,100106,3,120,600,攻击时有几率回复自身{0}血量，额外附加{1}点,0
242,100106,4,130,650,攻击时有几率回复自身{0}血量，额外附加{1}点,0
243,100106,5,140,700,攻击时有几率回复自身{0}血量，额外附加{1}点,0
244,100106,6,150,750,攻击时有几率回复自身{0}血量，额外附加{1}点,0
245,100106,7,160,800,攻击时有几率回复自身{0}血量，额外附加{1}点,0
246,100106,8,170,850,攻击时有几率回复自身{0}血量，额外附加{1}点,0
247,100106,9,180,900,攻击时有几率回复自身{0}血量，额外附加{1}点,0
248,100106,10,190,950,攻击时有几率回复自身{0}血量，额外附加{1}点,0
249,100106,11,200,1000,攻击时有几率回复自身{0}血量，额外附加{1}点,0
250,100106,12,210,1050,攻击时有几率回复自身{0}血量，额外附加{1}点,0
251,100106,13,220,1100,攻击时有几率回复自身{0}血量，额外附加{1}点,0
252,100106,14,230,1150,攻击时有几率回复自身{0}血量，额外附加{1}点,0
253,100106,15,240,1200,攻击时有几率回复自身{0}血量，额外附加{1}点,0
254,100106,16,250,1250,攻击时有几率回复自身{0}血量，额外附加{1}点,0
255,100106,17,260,1300,攻击时有几率回复自身{0}血量，额外附加{1}点,0
256,100106,18,270,1350,攻击时有几率回复自身{0}血量，额外附加{1}点,0
257,100106,19,280,1400,攻击时有几率回复自身{0}血量，额外附加{1}点,0
258,100106,20,290,1450,攻击时有几率回复自身{0}血量，额外附加{1}点,0
259,100106,21,300,1500,攻击时有几率回复自身{0}血量，额外附加{1}点,0
260,100106,22,310,1550,攻击时有几率回复自身{0}血量，额外附加{1}点,0
261,100106,23,320,1600,攻击时有几率回复自身{0}血量，额外附加{1}点,0
262,100106,24,330,1650,攻击时有几率回复自身{0}血量，额外附加{1}点,0
263,100106,25,340,1700,攻击时有几率回复自身{0}血量，额外附加{1}点,0
264,100106,26,350,1750,攻击时有几率回复自身{0}血量，额外附加{1}点,0
265,100106,27,360,1800,攻击时有几率回复自身{0}血量，额外附加{1}点,0
266,100106,28,370,1850,攻击时有几率回复自身{0}血量，额外附加{1}点,0
267,100106,29,380,1900,攻击时有几率回复自身{0}血量，额外附加{1}点,0
268,100106,30,390,1950,攻击时有几率回复自身{0}血量，额外附加{1}点,0
269,100106,31,400,2000,攻击时有几率回复自身{0}血量，额外附加{1}点,0
270,100106,32,410,2050,攻击时有几率回复自身{0}血量，额外附加{1}点,0
271,100106,33,420,2100,攻击时有几率回复自身{0}血量，额外附加{1}点,0
272,100106,34,430,2150,攻击时有几率回复自身{0}血量，额外附加{1}点,0
273,100106,35,440,2200,攻击时有几率回复自身{0}血量，额外附加{1}点,0
274,100106,36,450,2250,攻击时有几率回复自身{0}血量，额外附加{1}点,0
275,100106,37,460,2300,攻击时有几率回复自身{0}血量，额外附加{1}点,0
276,100106,38,470,2350,攻击时有几率回复自身{0}血量，额外附加{1}点,0
277,100106,39,480,2400,攻击时有几率回复自身{0}血量，额外附加{1}点,0
278,100106,40,490,2450,攻击时有几率回复自身{0}血量，额外附加{1}点,0
279,100106,41,500,2500,攻击时有几率回复自身{0}血量，额外附加{1}点,0
280,200201,1,5500,0,刺客普攻一段,0
281,200202,1,7000,0,刺客普攻二段,0
282,200203,1,8500,0,刺客普攻三段,0
283,100201,0,0,0,近战群体技能：操纵无数飞剑攻击目标区域，造成大量伤害\n(真灵百杀，千剑问道),0
284,100201,1,8600,300,操纵无数飞剑攻击目标区域，对区域内目标造成{0}伤害，额外附加{1}点伤害，最多造成3次伤害。,120
285,100201,2,8660,330,操纵无数飞剑攻击目标区域，对区域内目标造成{0}伤害，额外附加{1}点伤害，最多造成3次伤害。,132
286,100201,3,8720,360,操纵无数飞剑攻击目标区域，对区域内目标造成{0}伤害，额外附加{1}点伤害，最多造成3次伤害。,144
287,100201,4,8780,390,操纵无数飞剑攻击目标区域，对区域内目标造成{0}伤害，额外附加{1}点伤害，最多造成3次伤害。,156
288,100201,5,8840,420,操纵无数飞剑攻击目标区域，对区域内目标造成{0}伤害，额外附加{1}点伤害，最多造成3次伤害。,168
289,100201,6,8900,450,操纵无数飞剑攻击目标区域，对区域内目标造成{0}伤害，额外附加{1}点伤害，最多造成3次伤害。,180
290,100201,7,8960,480,操纵无数飞剑攻击目标区域，对区域内目标造成{0}伤害，额外附加{1}点伤害，最多造成3次伤害。,192
291,100201,8,9020,510,操纵无数飞剑攻击目标区域，对区域内目标造成{0}伤害，额外附加{1}点伤害，最多造成3次伤害。,204
292,100201,9,9080,540,操纵无数飞剑攻击目标区域，对区域内目标造成{0}伤害，额外附加{1}点伤害，最多造成3次伤害。,216
293,100201,10,9140,570,操纵无数飞剑攻击目标区域，对区域内目标造成{0}伤害，额外附加{1}点伤害，最多造成3次伤害。,228
294,100201,11,9200,600,操纵无数飞剑攻击目标区域，对区域内目标造成{0}伤害，额外附加{1}点伤害，最多造成3次伤害。,240
295,100201,12,9260,630,操纵无数飞剑攻击目标区域，对区域内目标造成{0}伤害，额外附加{1}点伤害，最多造成3次伤害。,252
296,100201,13,9320,660,操纵无数飞剑攻击目标区域，对区域内目标造成{0}伤害，额外附加{1}点伤害，最多造成3次伤害。,264
297,100201,14,9380,690,操纵无数飞剑攻击目标区域，对区域内目标造成{0}伤害，额外附加{1}点伤害，最多造成3次伤害。,276
298,100201,15,9440,720,操纵无数飞剑攻击目标区域，对区域内目标造成{0}伤害，额外附加{1}点伤害，最多造成3次伤害。,288
299,100201,16,9500,750,操纵无数飞剑攻击目标区域，对区域内目标造成{0}伤害，额外附加{1}点伤害，最多造成3次伤害。,300
300,100201,17,9560,780,操纵无数飞剑攻击目标区域，对区域内目标造成{0}伤害，额外附加{1}点伤害，最多造成3次伤害。,312
301,100201,18,9620,810,操纵无数飞剑攻击目标区域，对区域内目标造成{0}伤害，额外附加{1}点伤害，最多造成3次伤害。,324
302,100201,19,9680,840,操纵无数飞剑攻击目标区域，对区域内目标造成{0}伤害，额外附加{1}点伤害，最多造成3次伤害。,336
303,100201,20,9740,870,操纵无数飞剑攻击目标区域，对区域内目标造成{0}伤害，额外附加{1}点伤害，最多造成3次伤害。,348
304,100201,21,9800,900,操纵无数飞剑攻击目标区域，对区域内目标造成{0}伤害，额外附加{1}点伤害，最多造成3次伤害。,360
305,100201,22,9860,930,操纵无数飞剑攻击目标区域，对区域内目标造成{0}伤害，额外附加{1}点伤害，最多造成3次伤害。,372
306,100201,23,9920,960,操纵无数飞剑攻击目标区域，对区域内目标造成{0}伤害，额外附加{1}点伤害，最多造成3次伤害。,384
307,100201,24,9980,990,操纵无数飞剑攻击目标区域，对区域内目标造成{0}伤害，额外附加{1}点伤害，最多造成3次伤害。,396
308,100201,25,10040,1020,操纵无数飞剑攻击目标区域，对区域内目标造成{0}伤害，额外附加{1}点伤害，最多造成3次伤害。,408
309,100201,26,10100,1050,操纵无数飞剑攻击目标区域，对区域内目标造成{0}伤害，额外附加{1}点伤害，最多造成3次伤害。,420
310,100201,27,10160,1080,操纵无数飞剑攻击目标区域，对区域内目标造成{0}伤害，额外附加{1}点伤害，最多造成3次伤害。,432
311,100201,28,10220,1110,操纵无数飞剑攻击目标区域，对区域内目标造成{0}伤害，额外附加{1}点伤害，最多造成3次伤害。,444
312,100201,29,10280,1140,操纵无数飞剑攻击目标区域，对区域内目标造成{0}伤害，额外附加{1}点伤害，最多造成3次伤害。,456
313,100201,30,10340,1170,操纵无数飞剑攻击目标区域，对区域内目标造成{0}伤害，额外附加{1}点伤害，最多造成3次伤害。,468
314,100201,31,10400,1200,操纵无数飞剑攻击目标区域，对区域内目标造成{0}伤害，额外附加{1}点伤害，最多造成3次伤害。,480
315,100201,32,10460,1230,操纵无数飞剑攻击目标区域，对区域内目标造成{0}伤害，额外附加{1}点伤害，最多造成3次伤害。,492
316,100201,33,10520,1260,操纵无数飞剑攻击目标区域，对区域内目标造成{0}伤害，额外附加{1}点伤害，最多造成3次伤害。,504
317,100201,34,10580,1290,操纵无数飞剑攻击目标区域，对区域内目标造成{0}伤害，额外附加{1}点伤害，最多造成3次伤害。,516
318,100201,35,10640,1320,操纵无数飞剑攻击目标区域，对区域内目标造成{0}伤害，额外附加{1}点伤害，最多造成3次伤害。,528
319,100201,36,10700,1350,操纵无数飞剑攻击目标区域，对区域内目标造成{0}伤害，额外附加{1}点伤害，最多造成3次伤害。,540
320,100201,37,10760,1380,操纵无数飞剑攻击目标区域，对区域内目标造成{0}伤害，额外附加{1}点伤害，最多造成3次伤害。,552
321,100201,38,10820,1410,操纵无数飞剑攻击目标区域，对区域内目标造成{0}伤害，额外附加{1}点伤害，最多造成3次伤害。,564
322,100201,39,10880,1440,操纵无数飞剑攻击目标区域，对区域内目标造成{0}伤害，额外附加{1}点伤害，最多造成3次伤害。,576
323,100201,40,10940,1470,操纵无数飞剑攻击目标区域，对区域内目标造成{0}伤害，额外附加{1}点伤害，最多造成3次伤害。,588
324,100201,41,11000,1500,操纵无数飞剑攻击目标区域，对区域内目标造成{0}伤害，额外附加{1}点伤害，最多造成3次伤害。,600
325,100202,0,0,0,近战群体技能：以神速的斩击穿梭敌阵，疾速斩击\n(剑化万道，无影无形),0
326,100202,1,4100,200,以神速的斩击穿梭敌阵，对区域内目标发动6次攻击，每次造成{0}伤害，额外附加{1}点伤害。,160
327,100202,2,4140,220,以神速的斩击穿梭敌阵，对区域内目标发动6次攻击，每次造成{0}伤害，额外附加{1}点伤害。,176
328,100202,3,4180,240,以神速的斩击穿梭敌阵，对区域内目标发动6次攻击，每次造成{0}伤害，额外附加{1}点伤害。,192
329,100202,4,4220,260,以神速的斩击穿梭敌阵，对区域内目标发动6次攻击，每次造成{0}伤害，额外附加{1}点伤害。,208
330,100202,5,4260,280,以神速的斩击穿梭敌阵，对区域内目标发动6次攻击，每次造成{0}伤害，额外附加{1}点伤害。,224
331,100202,6,4300,300,以神速的斩击穿梭敌阵，对区域内目标发动6次攻击，每次造成{0}伤害，额外附加{1}点伤害。,240
332,100202,7,4340,320,以神速的斩击穿梭敌阵，对区域内目标发动6次攻击，每次造成{0}伤害，额外附加{1}点伤害。,256
333,100202,8,4380,340,以神速的斩击穿梭敌阵，对区域内目标发动6次攻击，每次造成{0}伤害，额外附加{1}点伤害。,272
334,100202,9,4420,360,以神速的斩击穿梭敌阵，对区域内目标发动6次攻击，每次造成{0}伤害，额外附加{1}点伤害。,288
335,100202,10,4460,380,以神速的斩击穿梭敌阵，对区域内目标发动6次攻击，每次造成{0}伤害，额外附加{1}点伤害。,304
336,100202,11,4500,400,以神速的斩击穿梭敌阵，对区域内目标发动6次攻击，每次造成{0}伤害，额外附加{1}点伤害。,320
337,100202,12,4540,420,以神速的斩击穿梭敌阵，对区域内目标发动6次攻击，每次造成{0}伤害，额外附加{1}点伤害。,336
338,100202,13,4580,440,以神速的斩击穿梭敌阵，对区域内目标发动6次攻击，每次造成{0}伤害，额外附加{1}点伤害。,352
339,100202,14,4620,460,以神速的斩击穿梭敌阵，对区域内目标发动6次攻击，每次造成{0}伤害，额外附加{1}点伤害。,368
340,100202,15,4660,480,以神速的斩击穿梭敌阵，对区域内目标发动6次攻击，每次造成{0}伤害，额外附加{1}点伤害。,384
341,100202,16,4700,500,以神速的斩击穿梭敌阵，对区域内目标发动6次攻击，每次造成{0}伤害，额外附加{1}点伤害。,400
342,100202,17,4740,520,以神速的斩击穿梭敌阵，对区域内目标发动6次攻击，每次造成{0}伤害，额外附加{1}点伤害。,416
343,100202,18,4780,540,以神速的斩击穿梭敌阵，对区域内目标发动6次攻击，每次造成{0}伤害，额外附加{1}点伤害。,432
344,100202,19,4820,560,以神速的斩击穿梭敌阵，对区域内目标发动6次攻击，每次造成{0}伤害，额外附加{1}点伤害。,448
345,100202,20,4860,580,以神速的斩击穿梭敌阵，对区域内目标发动6次攻击，每次造成{0}伤害，额外附加{1}点伤害。,464
346,100202,21,4900,600,以神速的斩击穿梭敌阵，对区域内目标发动6次攻击，每次造成{0}伤害，额外附加{1}点伤害。,480
347,100202,22,4940,620,以神速的斩击穿梭敌阵，对区域内目标发动6次攻击，每次造成{0}伤害，额外附加{1}点伤害。,496
348,100202,23,4980,640,以神速的斩击穿梭敌阵，对区域内目标发动6次攻击，每次造成{0}伤害，额外附加{1}点伤害。,512
349,100202,24,5020,660,以神速的斩击穿梭敌阵，对区域内目标发动6次攻击，每次造成{0}伤害，额外附加{1}点伤害。,528
350,100202,25,5060,680,以神速的斩击穿梭敌阵，对区域内目标发动6次攻击，每次造成{0}伤害，额外附加{1}点伤害。,544
351,100202,26,5100,700,以神速的斩击穿梭敌阵，对区域内目标发动6次攻击，每次造成{0}伤害，额外附加{1}点伤害。,560
352,100202,27,5140,720,以神速的斩击穿梭敌阵，对区域内目标发动6次攻击，每次造成{0}伤害，额外附加{1}点伤害。,576
353,100202,28,5180,740,以神速的斩击穿梭敌阵，对区域内目标发动6次攻击，每次造成{0}伤害，额外附加{1}点伤害。,592
354,100202,29,5220,760,以神速的斩击穿梭敌阵，对区域内目标发动6次攻击，每次造成{0}伤害，额外附加{1}点伤害。,608
355,100202,30,5260,780,以神速的斩击穿梭敌阵，对区域内目标发动6次攻击，每次造成{0}伤害，额外附加{1}点伤害。,624
356,100202,31,5300,800,以神速的斩击穿梭敌阵，对区域内目标发动6次攻击，每次造成{0}伤害，额外附加{1}点伤害。,640
357,100202,32,5340,820,以神速的斩击穿梭敌阵，对区域内目标发动6次攻击，每次造成{0}伤害，额外附加{1}点伤害。,656
358,100202,33,5380,840,以神速的斩击穿梭敌阵，对区域内目标发动6次攻击，每次造成{0}伤害，额外附加{1}点伤害。,672
359,100202,34,5420,860,以神速的斩击穿梭敌阵，对区域内目标发动6次攻击，每次造成{0}伤害，额外附加{1}点伤害。,688
360,100202,35,5460,880,以神速的斩击穿梭敌阵，对区域内目标发动6次攻击，每次造成{0}伤害，额外附加{1}点伤害。,704
361,100202,36,5500,900,以神速的斩击穿梭敌阵，对区域内目标发动6次攻击，每次造成{0}伤害，额外附加{1}点伤害。,720
362,100202,37,5540,920,以神速的斩击穿梭敌阵，对区域内目标发动6次攻击，每次造成{0}伤害，额外附加{1}点伤害。,736
363,100202,38,5580,940,以神速的斩击穿梭敌阵，对区域内目标发动6次攻击，每次造成{0}伤害，额外附加{1}点伤害。,752
364,100202,39,5620,960,以神速的斩击穿梭敌阵，对区域内目标发动6次攻击，每次造成{0}伤害，额外附加{1}点伤害。,768
365,100202,40,5660,980,以神速的斩击穿梭敌阵，对区域内目标发动6次攻击，每次造成{0}伤害，额外附加{1}点伤害。,784
366,100202,41,5700,1000,以神速的斩击穿梭敌阵，对区域内目标发动6次攻击，每次造成{0}伤害，额外附加{1}点伤害。,800
367,100203,0,0,0,近战群体技能：积蓄剑气向前突刺，对目标造成伤害并降低防御\n(天道至极，迅芒一闪),0
368,100203,1,12500,1250,积蓄剑气向前突刺，对直线范围内目标造成{0}伤害，额外附加{1}点伤害，并降低目标20%防御，持续3秒。,200
369,100203,2,12750,1375,积蓄剑气向前突刺，对直线范围内目标造成{0}伤害，额外附加{1}点伤害，并降低目标20%防御，持续3秒。,220
370,100203,3,13000,1500,积蓄剑气向前突刺，对直线范围内目标造成{0}伤害，额外附加{1}点伤害，并降低目标20%防御，持续3秒。,240
371,100203,4,13250,1625,积蓄剑气向前突刺，对直线范围内目标造成{0}伤害，额外附加{1}点伤害，并降低目标20%防御，持续3秒。,260
372,100203,5,13500,1750,积蓄剑气向前突刺，对直线范围内目标造成{0}伤害，额外附加{1}点伤害，并降低目标20%防御，持续3秒。,280
373,100203,6,13750,1875,积蓄剑气向前突刺，对直线范围内目标造成{0}伤害，额外附加{1}点伤害，并降低目标20%防御，持续3秒。,300
374,100203,7,14000,2000,积蓄剑气向前突刺，对直线范围内目标造成{0}伤害，额外附加{1}点伤害，并降低目标20%防御，持续3秒。,320
375,100203,8,14250,2125,积蓄剑气向前突刺，对直线范围内目标造成{0}伤害，额外附加{1}点伤害，并降低目标20%防御，持续3秒。,340
376,100203,9,14500,2250,积蓄剑气向前突刺，对直线范围内目标造成{0}伤害，额外附加{1}点伤害，并降低目标20%防御，持续3秒。,360
377,100203,10,14750,2375,积蓄剑气向前突刺，对直线范围内目标造成{0}伤害，额外附加{1}点伤害，并降低目标20%防御，持续3秒。,380
378,100203,11,15000,2500,积蓄剑气向前突刺，对直线范围内目标造成{0}伤害，额外附加{1}点伤害，并降低目标20%防御，持续3秒。,400
379,100203,12,15250,2625,积蓄剑气向前突刺，对直线范围内目标造成{0}伤害，额外附加{1}点伤害，并降低目标20%防御，持续3秒。,420
380,100203,13,15500,2750,积蓄剑气向前突刺，对直线范围内目标造成{0}伤害，额外附加{1}点伤害，并降低目标20%防御，持续3秒。,440
381,100203,14,15750,2875,积蓄剑气向前突刺，对直线范围内目标造成{0}伤害，额外附加{1}点伤害，并降低目标20%防御，持续3秒。,460
382,100203,15,16000,3000,积蓄剑气向前突刺，对直线范围内目标造成{0}伤害，额外附加{1}点伤害，并降低目标20%防御，持续3秒。,480
383,100203,16,16250,3125,积蓄剑气向前突刺，对直线范围内目标造成{0}伤害，额外附加{1}点伤害，并降低目标20%防御，持续3秒。,500
384,100203,17,16500,3250,积蓄剑气向前突刺，对直线范围内目标造成{0}伤害，额外附加{1}点伤害，并降低目标20%防御，持续3秒。,520
385,100203,18,16750,3375,积蓄剑气向前突刺，对直线范围内目标造成{0}伤害，额外附加{1}点伤害，并降低目标20%防御，持续3秒。,540
386,100203,19,17000,3500,积蓄剑气向前突刺，对直线范围内目标造成{0}伤害，额外附加{1}点伤害，并降低目标20%防御，持续3秒。,560
387,100203,20,17250,3625,积蓄剑气向前突刺，对直线范围内目标造成{0}伤害，额外附加{1}点伤害，并降低目标20%防御，持续3秒。,580
388,100203,21,17500,3750,积蓄剑气向前突刺，对直线范围内目标造成{0}伤害，额外附加{1}点伤害，并降低目标20%防御，持续3秒。,600
389,100203,22,17750,3875,积蓄剑气向前突刺，对直线范围内目标造成{0}伤害，额外附加{1}点伤害，并降低目标20%防御，持续3秒。,620
390,100203,23,18000,4000,积蓄剑气向前突刺，对直线范围内目标造成{0}伤害，额外附加{1}点伤害，并降低目标20%防御，持续3秒。,640
391,100203,24,18250,4125,积蓄剑气向前突刺，对直线范围内目标造成{0}伤害，额外附加{1}点伤害，并降低目标20%防御，持续3秒。,660
392,100203,25,18500,4250,积蓄剑气向前突刺，对直线范围内目标造成{0}伤害，额外附加{1}点伤害，并降低目标20%防御，持续3秒。,680
393,100203,26,18750,4375,积蓄剑气向前突刺，对直线范围内目标造成{0}伤害，额外附加{1}点伤害，并降低目标20%防御，持续3秒。,700
394,100203,27,19000,4500,积蓄剑气向前突刺，对直线范围内目标造成{0}伤害，额外附加{1}点伤害，并降低目标20%防御，持续3秒。,720
395,100203,28,19250,4625,积蓄剑气向前突刺，对直线范围内目标造成{0}伤害，额外附加{1}点伤害，并降低目标20%防御，持续3秒。,740
396,100203,29,19500,4750,积蓄剑气向前突刺，对直线范围内目标造成{0}伤害，额外附加{1}点伤害，并降低目标20%防御，持续3秒。,760
397,100203,30,19750,4875,积蓄剑气向前突刺，对直线范围内目标造成{0}伤害，额外附加{1}点伤害，并降低目标20%防御，持续3秒。,780
398,100203,31,20000,5000,积蓄剑气向前突刺，对直线范围内目标造成{0}伤害，额外附加{1}点伤害，并降低目标20%防御，持续3秒。,800
399,100203,32,20250,5125,积蓄剑气向前突刺，对直线范围内目标造成{0}伤害，额外附加{1}点伤害，并降低目标20%防御，持续3秒。,820
400,100203,33,20500,5250,积蓄剑气向前突刺，对直线范围内目标造成{0}伤害，额外附加{1}点伤害，并降低目标20%防御，持续3秒。,840
401,100203,34,20750,5375,积蓄剑气向前突刺，对直线范围内目标造成{0}伤害，额外附加{1}点伤害，并降低目标20%防御，持续3秒。,860
402,100203,35,21000,5500,积蓄剑气向前突刺，对直线范围内目标造成{0}伤害，额外附加{1}点伤害，并降低目标20%防御，持续3秒。,880
403,100203,36,21250,5625,积蓄剑气向前突刺，对直线范围内目标造成{0}伤害，额外附加{1}点伤害，并降低目标20%防御，持续3秒。,900
404,100203,37,21500,5750,积蓄剑气向前突刺，对直线范围内目标造成{0}伤害，额外附加{1}点伤害，并降低目标20%防御，持续3秒。,920
405,100203,38,21750,5875,积蓄剑气向前突刺，对直线范围内目标造成{0}伤害，额外附加{1}点伤害，并降低目标20%防御，持续3秒。,940
406,100203,39,22000,6000,积蓄剑气向前突刺，对直线范围内目标造成{0}伤害，额外附加{1}点伤害，并降低目标20%防御，持续3秒。,960
407,100203,40,22250,6125,积蓄剑气向前突刺，对直线范围内目标造成{0}伤害，额外附加{1}点伤害，并降低目标20%防御，持续3秒。,980
408,100203,41,22500,6250,积蓄剑气向前突刺，对直线范围内目标造成{0}伤害，额外附加{1}点伤害，并降低目标20%防御，持续3秒。,1000
409,100204,0,0,0,远程单体技能：召唤巨型飞剑坠落斩击，造成伤害并晕眩目标\n(剑落苍穹，震天动地),0
410,100204,1,13500,1750,召唤巨型飞剑坠落斩击，对目标造成{0}伤害，额外附加{1}点伤害，并使其眩晕1秒。,280
411,100204,2,13850,1925,召唤巨型飞剑坠落斩击，对目标造成{0}伤害，额外附加{1}点伤害，并使其眩晕1秒。,308
412,100204,3,14200,2100,召唤巨型飞剑坠落斩击，对目标造成{0}伤害，额外附加{1}点伤害，并使其眩晕1秒。,336
413,100204,4,14550,2275,召唤巨型飞剑坠落斩击，对目标造成{0}伤害，额外附加{1}点伤害，并使其眩晕1秒。,364
414,100204,5,14900,2450,召唤巨型飞剑坠落斩击，对目标造成{0}伤害，额外附加{1}点伤害，并使其眩晕1秒。,392
415,100204,6,15250,2625,召唤巨型飞剑坠落斩击，对目标造成{0}伤害，额外附加{1}点伤害，并使其眩晕1秒。,420
416,100204,7,15600,2800,召唤巨型飞剑坠落斩击，对目标造成{0}伤害，额外附加{1}点伤害，并使其眩晕1秒。,448
417,100204,8,15950,2975,召唤巨型飞剑坠落斩击，对目标造成{0}伤害，额外附加{1}点伤害，并使其眩晕1秒。,476
418,100204,9,16300,3150,召唤巨型飞剑坠落斩击，对目标造成{0}伤害，额外附加{1}点伤害，并使其眩晕1秒。,504
419,100204,10,16650,3325,召唤巨型飞剑坠落斩击，对目标造成{0}伤害，额外附加{1}点伤害，并使其眩晕1秒。,532
420,100204,11,17000,3500,召唤巨型飞剑坠落斩击，对目标造成{0}伤害，额外附加{1}点伤害，并使其眩晕1秒。,560
421,100204,12,17350,3675,召唤巨型飞剑坠落斩击，对目标造成{0}伤害，额外附加{1}点伤害，并使其眩晕1秒。,588
422,100204,13,17700,3850,召唤巨型飞剑坠落斩击，对目标造成{0}伤害，额外附加{1}点伤害，并使其眩晕1秒。,616
423,100204,14,18050,4025,召唤巨型飞剑坠落斩击，对目标造成{0}伤害，额外附加{1}点伤害，并使其眩晕1秒。,644
424,100204,15,18400,4200,召唤巨型飞剑坠落斩击，对目标造成{0}伤害，额外附加{1}点伤害，并使其眩晕1秒。,672
425,100204,16,18750,4375,召唤巨型飞剑坠落斩击，对目标造成{0}伤害，额外附加{1}点伤害，并使其眩晕1秒。,700
426,100204,17,19100,4550,召唤巨型飞剑坠落斩击，对目标造成{0}伤害，额外附加{1}点伤害，并使其眩晕1秒。,728
427,100204,18,19450,4725,召唤巨型飞剑坠落斩击，对目标造成{0}伤害，额外附加{1}点伤害，并使其眩晕1秒。,756
428,100204,19,19800,4900,召唤巨型飞剑坠落斩击，对目标造成{0}伤害，额外附加{1}点伤害，并使其眩晕1秒。,784
429,100204,20,20150,5075,召唤巨型飞剑坠落斩击，对目标造成{0}伤害，额外附加{1}点伤害，并使其眩晕1秒。,812
430,100204,21,20500,5250,召唤巨型飞剑坠落斩击，对目标造成{0}伤害，额外附加{1}点伤害，并使其眩晕1秒。,840
431,100204,22,20850,5425,召唤巨型飞剑坠落斩击，对目标造成{0}伤害，额外附加{1}点伤害，并使其眩晕1秒。,868
432,100204,23,21200,5600,召唤巨型飞剑坠落斩击，对目标造成{0}伤害，额外附加{1}点伤害，并使其眩晕1秒。,896
433,100204,24,21550,5775,召唤巨型飞剑坠落斩击，对目标造成{0}伤害，额外附加{1}点伤害，并使其眩晕1秒。,924
434,100204,25,21900,5950,召唤巨型飞剑坠落斩击，对目标造成{0}伤害，额外附加{1}点伤害，并使其眩晕1秒。,952
435,100204,26,22250,6125,召唤巨型飞剑坠落斩击，对目标造成{0}伤害，额外附加{1}点伤害，并使其眩晕1秒。,980
436,100204,27,22600,6300,召唤巨型飞剑坠落斩击，对目标造成{0}伤害，额外附加{1}点伤害，并使其眩晕1秒。,1008
437,100204,28,22950,6475,召唤巨型飞剑坠落斩击，对目标造成{0}伤害，额外附加{1}点伤害，并使其眩晕1秒。,1036
438,100204,29,23300,6650,召唤巨型飞剑坠落斩击，对目标造成{0}伤害，额外附加{1}点伤害，并使其眩晕1秒。,1064
439,100204,30,23650,6825,召唤巨型飞剑坠落斩击，对目标造成{0}伤害，额外附加{1}点伤害，并使其眩晕1秒。,1092
440,100204,31,24000,7000,召唤巨型飞剑坠落斩击，对目标造成{0}伤害，额外附加{1}点伤害，并使其眩晕1秒。,1120
441,100204,32,24350,7175,召唤巨型飞剑坠落斩击，对目标造成{0}伤害，额外附加{1}点伤害，并使其眩晕1秒。,1148
442,100204,33,24700,7350,召唤巨型飞剑坠落斩击，对目标造成{0}伤害，额外附加{1}点伤害，并使其眩晕1秒。,1176
443,100204,34,25050,7525,召唤巨型飞剑坠落斩击，对目标造成{0}伤害，额外附加{1}点伤害，并使其眩晕1秒。,1204
444,100204,35,25400,7700,召唤巨型飞剑坠落斩击，对目标造成{0}伤害，额外附加{1}点伤害，并使其眩晕1秒。,1232
445,100204,36,25750,7875,召唤巨型飞剑坠落斩击，对目标造成{0}伤害，额外附加{1}点伤害，并使其眩晕1秒。,1260
446,100204,37,26100,8050,召唤巨型飞剑坠落斩击，对目标造成{0}伤害，额外附加{1}点伤害，并使其眩晕1秒。,1288
447,100204,38,26450,8225,召唤巨型飞剑坠落斩击，对目标造成{0}伤害，额外附加{1}点伤害，并使其眩晕1秒。,1316
448,100204,39,26800,8400,召唤巨型飞剑坠落斩击，对目标造成{0}伤害，额外附加{1}点伤害，并使其眩晕1秒。,1344
449,100204,40,27150,8575,召唤巨型飞剑坠落斩击，对目标造成{0}伤害，额外附加{1}点伤害，并使其眩晕1秒。,1372
450,100204,41,27500,8750,召唤巨型飞剑坠落斩击，对目标造成{0}伤害，额外附加{1}点伤害，并使其眩晕1秒。,1400
451,100205,0,0,0,被动技能：提升基础攻击力\n(怨孽淬火，神兵血炼),0
452,100205,1,2000,50,提升人物{0}基础攻击力，额外附加{1}点,0
453,100205,2,2200,55,提升人物{0}基础攻击力，额外附加{1}点,0
454,100205,3,2400,60,提升人物{0}基础攻击力，额外附加{1}点,0
455,100205,4,2600,65,提升人物{0}基础攻击力，额外附加{1}点,0
456,100205,5,2800,70,提升人物{0}基础攻击力，额外附加{1}点,0
457,100205,6,3000,75,提升人物{0}基础攻击力，额外附加{1}点,0
458,100205,7,3200,80,提升人物{0}基础攻击力，额外附加{1}点,0
459,100205,8,3400,85,提升人物{0}基础攻击力，额外附加{1}点,0
460,100205,9,3600,90,提升人物{0}基础攻击力，额外附加{1}点,0
461,100205,10,3800,95,提升人物{0}基础攻击力，额外附加{1}点,0
462,100205,11,4000,100,提升人物{0}基础攻击力，额外附加{1}点,0
463,100205,12,4200,105,提升人物{0}基础攻击力，额外附加{1}点,0
464,100205,13,4400,110,提升人物{0}基础攻击力，额外附加{1}点,0
465,100205,14,4600,115,提升人物{0}基础攻击力，额外附加{1}点,0
466,100205,15,4800,120,提升人物{0}基础攻击力，额外附加{1}点,0
467,100205,16,5000,125,提升人物{0}基础攻击力，额外附加{1}点,0
468,100205,17,5200,130,提升人物{0}基础攻击力，额外附加{1}点,0
469,100205,18,5400,135,提升人物{0}基础攻击力，额外附加{1}点,0
470,100205,19,5600,140,提升人物{0}基础攻击力，额外附加{1}点,0
471,100205,20,5800,145,提升人物{0}基础攻击力，额外附加{1}点,0
472,100205,21,6000,150,提升人物{0}基础攻击力，额外附加{1}点,0
473,100205,22,6200,155,提升人物{0}基础攻击力，额外附加{1}点,0
474,100205,23,6400,160,提升人物{0}基础攻击力，额外附加{1}点,0
475,100205,24,6600,165,提升人物{0}基础攻击力，额外附加{1}点,0
476,100205,25,6800,170,提升人物{0}基础攻击力，额外附加{1}点,0
477,100205,26,7000,175,提升人物{0}基础攻击力，额外附加{1}点,0
478,100205,27,7200,180,提升人物{0}基础攻击力，额外附加{1}点,0
479,100205,28,7400,185,提升人物{0}基础攻击力，额外附加{1}点,0
480,100205,29,7600,190,提升人物{0}基础攻击力，额外附加{1}点,0
481,100205,30,7800,195,提升人物{0}基础攻击力，额外附加{1}点,0
482,100205,31,8000,200,提升人物{0}基础攻击力，额外附加{1}点,0
483,100205,32,8200,205,提升人物{0}基础攻击力，额外附加{1}点,0
484,100205,33,8400,210,提升人物{0}基础攻击力，额外附加{1}点,0
485,100205,34,8600,215,提升人物{0}基础攻击力，额外附加{1}点,0
486,100205,35,8800,220,提升人物{0}基础攻击力，额外附加{1}点,0
487,100205,36,9000,225,提升人物{0}基础攻击力，额外附加{1}点,0
488,100205,37,9200,230,提升人物{0}基础攻击力，额外附加{1}点,0
489,100205,38,9400,235,提升人物{0}基础攻击力，额外附加{1}点,0
490,100205,39,9600,240,提升人物{0}基础攻击力，额外附加{1}点,0
491,100205,40,9800,245,提升人物{0}基础攻击力，额外附加{1}点,0
492,100205,41,10000,250,提升人物{0}基础攻击力，额外附加{1}点,0
493,100206,0,0,0,被动技能：暴击时目标将受到该次伤害的额外伤害\n(摧枯拉朽，地裂天崩),0
494,100206,1,500,250,暴击时，目标将受到该次伤害{0}的额外伤害，额外附加{1}点,0
495,100206,2,550,275,暴击时，目标将受到该次伤害{0}的额外伤害，额外附加{1}点,0
496,100206,3,600,300,暴击时，目标将受到该次伤害{0}的额外伤害，额外附加{1}点,0
497,100206,4,650,325,暴击时，目标将受到该次伤害{0}的额外伤害，额外附加{1}点,0
498,100206,5,700,350,暴击时，目标将受到该次伤害{0}的额外伤害，额外附加{1}点,0
499,100206,6,750,375,暴击时，目标将受到该次伤害{0}的额外伤害，额外附加{1}点,0
500,100206,7,800,400,暴击时，目标将受到该次伤害{0}的额外伤害，额外附加{1}点,0
501,100206,8,850,425,暴击时，目标将受到该次伤害{0}的额外伤害，额外附加{1}点,0
502,100206,9,900,450,暴击时，目标将受到该次伤害{0}的额外伤害，额外附加{1}点,0
503,100206,10,950,475,暴击时，目标将受到该次伤害{0}的额外伤害，额外附加{1}点,0
504,100206,11,1000,500,暴击时，目标将受到该次伤害{0}的额外伤害，额外附加{1}点,0
505,100206,12,1050,525,暴击时，目标将受到该次伤害{0}的额外伤害，额外附加{1}点,0
506,100206,13,1100,550,暴击时，目标将受到该次伤害{0}的额外伤害，额外附加{1}点,0
507,100206,14,1150,575,暴击时，目标将受到该次伤害{0}的额外伤害，额外附加{1}点,0
508,100206,15,1200,600,暴击时，目标将受到该次伤害{0}的额外伤害，额外附加{1}点,0
509,100206,16,1250,625,暴击时，目标将受到该次伤害{0}的额外伤害，额外附加{1}点,0
510,100206,17,1300,650,暴击时，目标将受到该次伤害{0}的额外伤害，额外附加{1}点,0
511,100206,18,1350,675,暴击时，目标将受到该次伤害{0}的额外伤害，额外附加{1}点,0
512,100206,19,1400,700,暴击时，目标将受到该次伤害{0}的额外伤害，额外附加{1}点,0
513,100206,20,1450,725,暴击时，目标将受到该次伤害{0}的额外伤害，额外附加{1}点,0
514,100206,21,1500,750,暴击时，目标将受到该次伤害{0}的额外伤害，额外附加{1}点,0
515,100206,22,1550,775,暴击时，目标将受到该次伤害{0}的额外伤害，额外附加{1}点,0
516,100206,23,1600,800,暴击时，目标将受到该次伤害{0}的额外伤害，额外附加{1}点,0
517,100206,24,1650,825,暴击时，目标将受到该次伤害{0}的额外伤害，额外附加{1}点,0
518,100206,25,1700,850,暴击时，目标将受到该次伤害{0}的额外伤害，额外附加{1}点,0
519,100206,26,1750,875,暴击时，目标将受到该次伤害{0}的额外伤害，额外附加{1}点,0
520,100206,27,1800,900,暴击时，目标将受到该次伤害{0}的额外伤害，额外附加{1}点,0
521,100206,28,1850,925,暴击时，目标将受到该次伤害{0}的额外伤害，额外附加{1}点,0
522,100206,29,1900,950,暴击时，目标将受到该次伤害{0}的额外伤害，额外附加{1}点,0
523,100206,30,1950,975,暴击时，目标将受到该次伤害{0}的额外伤害，额外附加{1}点,0
524,100206,31,2000,1000,暴击时，目标将受到该次伤害{0}的额外伤害，额外附加{1}点,0
525,100206,32,2050,1025,暴击时，目标将受到该次伤害{0}的额外伤害，额外附加{1}点,0
526,100206,33,2100,1050,暴击时，目标将受到该次伤害{0}的额外伤害，额外附加{1}点,0
527,100206,34,2150,1075,暴击时，目标将受到该次伤害{0}的额外伤害，额外附加{1}点,0
528,100206,35,2200,1100,暴击时，目标将受到该次伤害{0}的额外伤害，额外附加{1}点,0
529,100206,36,2250,1125,暴击时，目标将受到该次伤害{0}的额外伤害，额外附加{1}点,0
530,100206,37,2300,1150,暴击时，目标将受到该次伤害{0}的额外伤害，额外附加{1}点,0
531,100206,38,2350,1175,暴击时，目标将受到该次伤害{0}的额外伤害，额外附加{1}点,0
532,100206,39,2400,1200,暴击时，目标将受到该次伤害{0}的额外伤害，额外附加{1}点,0
533,100206,40,2450,1225,暴击时，目标将受到该次伤害{0}的额外伤害，额外附加{1}点,0
534,100206,41,2500,1250,暴击时，目标将受到该次伤害{0}的额外伤害，额外附加{1}点,0
535,200301,1,5500,0,法师普攻一段,0
536,200302,1,7000,0,法师普攻二段,0
537,200303,1,8500,0,法师普攻三段,0
538,100301,0,0,0,远程群体技能：引动雷霆轰击前方扇形区域目标\n(怒盈九天，神雷临凡),0
539,100301,1,11500,750,引动雷霆轰击地面，对前方扇形区域目标造成{0}伤害，附加{1}点额外伤害。,120
540,100301,2,11650,825,引动雷霆轰击地面，对前方扇形区域目标造成{0}伤害，附加{1}点额外伤害。,132
541,100301,3,11800,900,引动雷霆轰击地面，对前方扇形区域目标造成{0}伤害，附加{1}点额外伤害。,144
542,100301,4,11950,975,引动雷霆轰击地面，对前方扇形区域目标造成{0}伤害，附加{1}点额外伤害。,156
543,100301,5,12100,1050,引动雷霆轰击地面，对前方扇形区域目标造成{0}伤害，附加{1}点额外伤害。,168
544,100301,6,12250,1125,引动雷霆轰击地面，对前方扇形区域目标造成{0}伤害，附加{1}点额外伤害。,180
545,100301,7,12400,1200,引动雷霆轰击地面，对前方扇形区域目标造成{0}伤害，附加{1}点额外伤害。,192
546,100301,8,12550,1275,引动雷霆轰击地面，对前方扇形区域目标造成{0}伤害，附加{1}点额外伤害。,204
547,100301,9,12700,1350,引动雷霆轰击地面，对前方扇形区域目标造成{0}伤害，附加{1}点额外伤害。,216
548,100301,10,12850,1425,引动雷霆轰击地面，对前方扇形区域目标造成{0}伤害，附加{1}点额外伤害。,228
549,100301,11,13000,1500,引动雷霆轰击地面，对前方扇形区域目标造成{0}伤害，附加{1}点额外伤害。,240
550,100301,12,13150,1575,引动雷霆轰击地面，对前方扇形区域目标造成{0}伤害，附加{1}点额外伤害。,252
551,100301,13,13300,1650,引动雷霆轰击地面，对前方扇形区域目标造成{0}伤害，附加{1}点额外伤害。,264
552,100301,14,13450,1725,引动雷霆轰击地面，对前方扇形区域目标造成{0}伤害，附加{1}点额外伤害。,276
553,100301,15,13600,1800,引动雷霆轰击地面，对前方扇形区域目标造成{0}伤害，附加{1}点额外伤害。,288
554,100301,16,13750,1875,引动雷霆轰击地面，对前方扇形区域目标造成{0}伤害，附加{1}点额外伤害。,300
555,100301,17,13900,1950,引动雷霆轰击地面，对前方扇形区域目标造成{0}伤害，附加{1}点额外伤害。,312
556,100301,18,14050,2025,引动雷霆轰击地面，对前方扇形区域目标造成{0}伤害，附加{1}点额外伤害。,324
557,100301,19,14200,2100,引动雷霆轰击地面，对前方扇形区域目标造成{0}伤害，附加{1}点额外伤害。,336
558,100301,20,14350,2175,引动雷霆轰击地面，对前方扇形区域目标造成{0}伤害，附加{1}点额外伤害。,348
559,100301,21,14500,2250,引动雷霆轰击地面，对前方扇形区域目标造成{0}伤害，附加{1}点额外伤害。,360
560,100301,22,14650,2325,引动雷霆轰击地面，对前方扇形区域目标造成{0}伤害，附加{1}点额外伤害。,372
561,100301,23,14800,2400,引动雷霆轰击地面，对前方扇形区域目标造成{0}伤害，附加{1}点额外伤害。,384
562,100301,24,14950,2475,引动雷霆轰击地面，对前方扇形区域目标造成{0}伤害，附加{1}点额外伤害。,396
563,100301,25,15100,2550,引动雷霆轰击地面，对前方扇形区域目标造成{0}伤害，附加{1}点额外伤害。,408
564,100301,26,15250,2625,引动雷霆轰击地面，对前方扇形区域目标造成{0}伤害，附加{1}点额外伤害。,420
565,100301,27,15400,2700,引动雷霆轰击地面，对前方扇形区域目标造成{0}伤害，附加{1}点额外伤害。,432
566,100301,28,15550,2775,引动雷霆轰击地面，对前方扇形区域目标造成{0}伤害，附加{1}点额外伤害。,444
567,100301,29,15700,2850,引动雷霆轰击地面，对前方扇形区域目标造成{0}伤害，附加{1}点额外伤害。,456
568,100301,30,15850,2925,引动雷霆轰击地面，对前方扇形区域目标造成{0}伤害，附加{1}点额外伤害。,468
569,100301,31,16000,3000,引动雷霆轰击地面，对前方扇形区域目标造成{0}伤害，附加{1}点额外伤害。,480
570,100301,32,16150,3075,引动雷霆轰击地面，对前方扇形区域目标造成{0}伤害，附加{1}点额外伤害。,492
571,100301,33,16300,3150,引动雷霆轰击地面，对前方扇形区域目标造成{0}伤害，附加{1}点额外伤害。,504
572,100301,34,16450,3225,引动雷霆轰击地面，对前方扇形区域目标造成{0}伤害，附加{1}点额外伤害。,516
573,100301,35,16600,3300,引动雷霆轰击地面，对前方扇形区域目标造成{0}伤害，附加{1}点额外伤害。,528
574,100301,36,16750,3375,引动雷霆轰击地面，对前方扇形区域目标造成{0}伤害，附加{1}点额外伤害。,540
575,100301,37,16900,3450,引动雷霆轰击地面，对前方扇形区域目标造成{0}伤害，附加{1}点额外伤害。,552
576,100301,38,17050,3525,引动雷霆轰击地面，对前方扇形区域目标造成{0}伤害，附加{1}点额外伤害。,564
577,100301,39,17200,3600,引动雷霆轰击地面，对前方扇形区域目标造成{0}伤害，附加{1}点额外伤害。,576
578,100301,40,17350,3675,引动雷霆轰击地面，对前方扇形区域目标造成{0}伤害，附加{1}点额外伤害。,588
579,100301,41,17500,3750,引动雷霆轰击地面，对前方扇形区域目标造成{0}伤害，附加{1}点额外伤害。,600
580,100302,0,0,0,远程群体技能：落雷轰击目标区域，持续造成伤害\n(炎叶水莲，轮转绝杀),0
581,100302,1,3000,200,施展水火莲花秘术，对范围内目标造成{0}伤害，附加{1}点额外伤害，最多造成5次伤害。,160
582,100302,2,3040,220,施展水火莲花秘术，对范围内目标造成{0}伤害，附加{1}点额外伤害，最多造成5次伤害。,176
583,100302,3,3080,240,施展水火莲花秘术，对范围内目标造成{0}伤害，附加{1}点额外伤害，最多造成5次伤害。,192
584,100302,4,3120,260,施展水火莲花秘术，对范围内目标造成{0}伤害，附加{1}点额外伤害，最多造成5次伤害。,208
585,100302,5,3160,280,施展水火莲花秘术，对范围内目标造成{0}伤害，附加{1}点额外伤害，最多造成5次伤害。,224
586,100302,6,3200,300,施展水火莲花秘术，对范围内目标造成{0}伤害，附加{1}点额外伤害，最多造成5次伤害。,240
587,100302,7,3240,320,施展水火莲花秘术，对范围内目标造成{0}伤害，附加{1}点额外伤害，最多造成5次伤害。,256
588,100302,8,3280,340,施展水火莲花秘术，对范围内目标造成{0}伤害，附加{1}点额外伤害，最多造成5次伤害。,272
589,100302,9,3320,360,施展水火莲花秘术，对范围内目标造成{0}伤害，附加{1}点额外伤害，最多造成5次伤害。,288
590,100302,10,3360,380,施展水火莲花秘术，对范围内目标造成{0}伤害，附加{1}点额外伤害，最多造成5次伤害。,304
591,100302,11,3400,400,施展水火莲花秘术，对范围内目标造成{0}伤害，附加{1}点额外伤害，最多造成5次伤害。,320
592,100302,12,3440,420,施展水火莲花秘术，对范围内目标造成{0}伤害，附加{1}点额外伤害，最多造成5次伤害。,336
593,100302,13,3480,440,施展水火莲花秘术，对范围内目标造成{0}伤害，附加{1}点额外伤害，最多造成5次伤害。,352
594,100302,14,3520,460,施展水火莲花秘术，对范围内目标造成{0}伤害，附加{1}点额外伤害，最多造成5次伤害。,368
595,100302,15,3560,480,施展水火莲花秘术，对范围内目标造成{0}伤害，附加{1}点额外伤害，最多造成5次伤害。,384
596,100302,16,3600,500,施展水火莲花秘术，对范围内目标造成{0}伤害，附加{1}点额外伤害，最多造成5次伤害。,400
597,100302,17,3640,520,施展水火莲花秘术，对范围内目标造成{0}伤害，附加{1}点额外伤害，最多造成5次伤害。,416
598,100302,18,3680,540,施展水火莲花秘术，对范围内目标造成{0}伤害，附加{1}点额外伤害，最多造成5次伤害。,432
599,100302,19,3720,560,施展水火莲花秘术，对范围内目标造成{0}伤害，附加{1}点额外伤害，最多造成5次伤害。,448
600,100302,20,3760,580,施展水火莲花秘术，对范围内目标造成{0}伤害，附加{1}点额外伤害，最多造成5次伤害。,464
601,100302,21,3800,600,施展水火莲花秘术，对范围内目标造成{0}伤害，附加{1}点额外伤害，最多造成5次伤害。,480
602,100302,22,3840,620,施展水火莲花秘术，对范围内目标造成{0}伤害，附加{1}点额外伤害，最多造成5次伤害。,496
603,100302,23,3880,640,施展水火莲花秘术，对范围内目标造成{0}伤害，附加{1}点额外伤害，最多造成5次伤害。,512
604,100302,24,3920,660,施展水火莲花秘术，对范围内目标造成{0}伤害，附加{1}点额外伤害，最多造成5次伤害。,528
605,100302,25,3960,680,施展水火莲花秘术，对范围内目标造成{0}伤害，附加{1}点额外伤害，最多造成5次伤害。,544
606,100302,26,4000,700,施展水火莲花秘术，对范围内目标造成{0}伤害，附加{1}点额外伤害，最多造成5次伤害。,560
607,100302,27,4040,720,施展水火莲花秘术，对范围内目标造成{0}伤害，附加{1}点额外伤害，最多造成5次伤害。,576
608,100302,28,4080,740,施展水火莲花秘术，对范围内目标造成{0}伤害，附加{1}点额外伤害，最多造成5次伤害。,592
609,100302,29,4120,760,施展水火莲花秘术，对范围内目标造成{0}伤害，附加{1}点额外伤害，最多造成5次伤害。,608
610,100302,30,4160,780,施展水火莲花秘术，对范围内目标造成{0}伤害，附加{1}点额外伤害，最多造成5次伤害。,624
611,100302,31,4200,800,施展水火莲花秘术，对范围内目标造成{0}伤害，附加{1}点额外伤害，最多造成5次伤害。,640
612,100302,32,4240,820,施展水火莲花秘术，对范围内目标造成{0}伤害，附加{1}点额外伤害，最多造成5次伤害。,656
613,100302,33,4280,840,施展水火莲花秘术，对范围内目标造成{0}伤害，附加{1}点额外伤害，最多造成5次伤害。,672
614,100302,34,4320,860,施展水火莲花秘术，对范围内目标造成{0}伤害，附加{1}点额外伤害，最多造成5次伤害。,688
615,100302,35,4360,880,施展水火莲花秘术，对范围内目标造成{0}伤害，附加{1}点额外伤害，最多造成5次伤害。,704
616,100302,36,4400,900,施展水火莲花秘术，对范围内目标造成{0}伤害，附加{1}点额外伤害，最多造成5次伤害。,720
617,100302,37,4440,920,施展水火莲花秘术，对范围内目标造成{0}伤害，附加{1}点额外伤害，最多造成5次伤害。,736
618,100302,38,4480,940,施展水火莲花秘术，对范围内目标造成{0}伤害，附加{1}点额外伤害，最多造成5次伤害。,752
619,100302,39,4520,960,施展水火莲花秘术，对范围内目标造成{0}伤害，附加{1}点额外伤害，最多造成5次伤害。,768
620,100302,40,4560,980,施展水火莲花秘术，对范围内目标造成{0}伤害，附加{1}点额外伤害，最多造成5次伤害。,784
621,100302,41,4600,1000,施展水火莲花秘术，对范围内目标造成{0}伤害，附加{1}点额外伤害，最多造成5次伤害。,800
622,100303,0,0,0,近战群体技能：操控气流凝聚旋风，造成大量伤害\n(百流合道，长风不灭),0
623,100303,1,4500,250,操控气流凝聚旋风，对区域内目标造成{0}伤害，附加{1}点额外伤害，最多造成5次伤害。,200
624,100303,2,4550,275,操控气流凝聚旋风，对区域内目标造成{0}伤害，附加{1}点额外伤害，最多造成5次伤害。,220
625,100303,3,4600,300,操控气流凝聚旋风，对区域内目标造成{0}伤害，附加{1}点额外伤害，最多造成5次伤害。,240
626,100303,4,4650,325,操控气流凝聚旋风，对区域内目标造成{0}伤害，附加{1}点额外伤害，最多造成5次伤害。,260
627,100303,5,4700,350,操控气流凝聚旋风，对区域内目标造成{0}伤害，附加{1}点额外伤害，最多造成5次伤害。,280
628,100303,6,4750,375,操控气流凝聚旋风，对区域内目标造成{0}伤害，附加{1}点额外伤害，最多造成5次伤害。,300
629,100303,7,4800,400,操控气流凝聚旋风，对区域内目标造成{0}伤害，附加{1}点额外伤害，最多造成5次伤害。,320
630,100303,8,4850,425,操控气流凝聚旋风，对区域内目标造成{0}伤害，附加{1}点额外伤害，最多造成5次伤害。,340
631,100303,9,4900,450,操控气流凝聚旋风，对区域内目标造成{0}伤害，附加{1}点额外伤害，最多造成5次伤害。,360
632,100303,10,4950,475,操控气流凝聚旋风，对区域内目标造成{0}伤害，附加{1}点额外伤害，最多造成5次伤害。,380
633,100303,11,5000,500,操控气流凝聚旋风，对区域内目标造成{0}伤害，附加{1}点额外伤害，最多造成5次伤害。,400
634,100303,12,5050,525,操控气流凝聚旋风，对区域内目标造成{0}伤害，附加{1}点额外伤害，最多造成5次伤害。,420
635,100303,13,5100,550,操控气流凝聚旋风，对区域内目标造成{0}伤害，附加{1}点额外伤害，最多造成5次伤害。,440
636,100303,14,5150,575,操控气流凝聚旋风，对区域内目标造成{0}伤害，附加{1}点额外伤害，最多造成5次伤害。,460
637,100303,15,5200,600,操控气流凝聚旋风，对区域内目标造成{0}伤害，附加{1}点额外伤害，最多造成5次伤害。,480
638,100303,16,5250,625,操控气流凝聚旋风，对区域内目标造成{0}伤害，附加{1}点额外伤害，最多造成5次伤害。,500
639,100303,17,5300,650,操控气流凝聚旋风，对区域内目标造成{0}伤害，附加{1}点额外伤害，最多造成5次伤害。,520
640,100303,18,5350,675,操控气流凝聚旋风，对区域内目标造成{0}伤害，附加{1}点额外伤害，最多造成5次伤害。,540
641,100303,19,5400,700,操控气流凝聚旋风，对区域内目标造成{0}伤害，附加{1}点额外伤害，最多造成5次伤害。,560
642,100303,20,5450,725,操控气流凝聚旋风，对区域内目标造成{0}伤害，附加{1}点额外伤害，最多造成5次伤害。,580
643,100303,21,5500,750,操控气流凝聚旋风，对区域内目标造成{0}伤害，附加{1}点额外伤害，最多造成5次伤害。,600
644,100303,22,5550,775,操控气流凝聚旋风，对区域内目标造成{0}伤害，附加{1}点额外伤害，最多造成5次伤害。,620
645,100303,23,5600,800,操控气流凝聚旋风，对区域内目标造成{0}伤害，附加{1}点额外伤害，最多造成5次伤害。,640
646,100303,24,5650,825,操控气流凝聚旋风，对区域内目标造成{0}伤害，附加{1}点额外伤害，最多造成5次伤害。,660
647,100303,25,5700,850,操控气流凝聚旋风，对区域内目标造成{0}伤害，附加{1}点额外伤害，最多造成5次伤害。,680
648,100303,26,5750,875,操控气流凝聚旋风，对区域内目标造成{0}伤害，附加{1}点额外伤害，最多造成5次伤害。,700
649,100303,27,5800,900,操控气流凝聚旋风，对区域内目标造成{0}伤害，附加{1}点额外伤害，最多造成5次伤害。,720
650,100303,28,5850,925,操控气流凝聚旋风，对区域内目标造成{0}伤害，附加{1}点额外伤害，最多造成5次伤害。,740
651,100303,29,5900,950,操控气流凝聚旋风，对区域内目标造成{0}伤害，附加{1}点额外伤害，最多造成5次伤害。,760
652,100303,30,5950,975,操控气流凝聚旋风，对区域内目标造成{0}伤害，附加{1}点额外伤害，最多造成5次伤害。,780
653,100303,31,6000,1000,操控气流凝聚旋风，对区域内目标造成{0}伤害，附加{1}点额外伤害，最多造成5次伤害。,800
654,100303,32,6050,1025,操控气流凝聚旋风，对区域内目标造成{0}伤害，附加{1}点额外伤害，最多造成5次伤害。,820
655,100303,33,6100,1050,操控气流凝聚旋风，对区域内目标造成{0}伤害，附加{1}点额外伤害，最多造成5次伤害。,840
656,100303,34,6150,1075,操控气流凝聚旋风，对区域内目标造成{0}伤害，附加{1}点额外伤害，最多造成5次伤害。,860
657,100303,35,6200,1100,操控气流凝聚旋风，对区域内目标造成{0}伤害，附加{1}点额外伤害，最多造成5次伤害。,880
658,100303,36,6250,1125,操控气流凝聚旋风，对区域内目标造成{0}伤害，附加{1}点额外伤害，最多造成5次伤害。,900
659,100303,37,6300,1150,操控气流凝聚旋风，对区域内目标造成{0}伤害，附加{1}点额外伤害，最多造成5次伤害。,920
660,100303,38,6350,1175,操控气流凝聚旋风，对区域内目标造成{0}伤害，附加{1}点额外伤害，最多造成5次伤害。,940
661,100303,39,6400,1200,操控气流凝聚旋风，对区域内目标造成{0}伤害，附加{1}点额外伤害，最多造成5次伤害。,960
662,100303,40,6450,1225,操控气流凝聚旋风，对区域内目标造成{0}伤害，附加{1}点额外伤害，最多造成5次伤害。,980
663,100303,41,6500,1250,操控气流凝聚旋风，对区域内目标造成{0}伤害，附加{1}点额外伤害，最多造成5次伤害。,1000
664,100304,0,0,0,近战群体技能：冰冻周围目标，造成伤害并定身\n(寒冰道域，天地封绝),0
665,100304,1,13500,1750,冻结周身范围内的目标，使其受到{0}伤害，附加{1}点额外伤害，并定身2秒。,280
666,100304,2,13850,1925,冻结周身范围内的目标，使其受到{0}伤害，附加{1}点额外伤害，并定身2秒。,308
667,100304,3,14200,2100,冻结周身范围内的目标，使其受到{0}伤害，附加{1}点额外伤害，并定身2秒。,336
668,100304,4,14550,2275,冻结周身范围内的目标，使其受到{0}伤害，附加{1}点额外伤害，并定身2秒。,364
669,100304,5,14900,2450,冻结周身范围内的目标，使其受到{0}伤害，附加{1}点额外伤害，并定身2秒。,392
670,100304,6,15250,2625,冻结周身范围内的目标，使其受到{0}伤害，附加{1}点额外伤害，并定身2秒。,420
671,100304,7,15600,2800,冻结周身范围内的目标，使其受到{0}伤害，附加{1}点额外伤害，并定身2秒。,448
672,100304,8,15950,2975,冻结周身范围内的目标，使其受到{0}伤害，附加{1}点额外伤害，并定身2秒。,476
673,100304,9,16300,3150,冻结周身范围内的目标，使其受到{0}伤害，附加{1}点额外伤害，并定身2秒。,504
674,100304,10,16650,3325,冻结周身范围内的目标，使其受到{0}伤害，附加{1}点额外伤害，并定身2秒。,532
675,100304,11,17000,3500,冻结周身范围内的目标，使其受到{0}伤害，附加{1}点额外伤害，并定身2秒。,560
676,100304,12,17350,3675,冻结周身范围内的目标，使其受到{0}伤害，附加{1}点额外伤害，并定身2秒。,588
677,100304,13,17700,3850,冻结周身范围内的目标，使其受到{0}伤害，附加{1}点额外伤害，并定身2秒。,616
678,100304,14,18050,4025,冻结周身范围内的目标，使其受到{0}伤害，附加{1}点额外伤害，并定身2秒。,644
679,100304,15,18400,4200,冻结周身范围内的目标，使其受到{0}伤害，附加{1}点额外伤害，并定身2秒。,672
680,100304,16,18750,4375,冻结周身范围内的目标，使其受到{0}伤害，附加{1}点额外伤害，并定身2秒。,700
681,100304,17,19100,4550,冻结周身范围内的目标，使其受到{0}伤害，附加{1}点额外伤害，并定身2秒。,728
682,100304,18,19450,4725,冻结周身范围内的目标，使其受到{0}伤害，附加{1}点额外伤害，并定身2秒。,756
683,100304,19,19800,4900,冻结周身范围内的目标，使其受到{0}伤害，附加{1}点额外伤害，并定身2秒。,784
684,100304,20,20150,5075,冻结周身范围内的目标，使其受到{0}伤害，附加{1}点额外伤害，并定身2秒。,812
685,100304,21,20500,5250,冻结周身范围内的目标，使其受到{0}伤害，附加{1}点额外伤害，并定身2秒。,840
686,100304,22,20850,5425,冻结周身范围内的目标，使其受到{0}伤害，附加{1}点额外伤害，并定身2秒。,868
687,100304,23,21200,5600,冻结周身范围内的目标，使其受到{0}伤害，附加{1}点额外伤害，并定身2秒。,896
688,100304,24,21550,5775,冻结周身范围内的目标，使其受到{0}伤害，附加{1}点额外伤害，并定身2秒。,924
689,100304,25,21900,5950,冻结周身范围内的目标，使其受到{0}伤害，附加{1}点额外伤害，并定身2秒。,952
690,100304,26,22250,6125,冻结周身范围内的目标，使其受到{0}伤害，附加{1}点额外伤害，并定身2秒。,980
691,100304,27,22600,6300,冻结周身范围内的目标，使其受到{0}伤害，附加{1}点额外伤害，并定身2秒。,1008
692,100304,28,22950,6475,冻结周身范围内的目标，使其受到{0}伤害，附加{1}点额外伤害，并定身2秒。,1036
693,100304,29,23300,6650,冻结周身范围内的目标，使其受到{0}伤害，附加{1}点额外伤害，并定身2秒。,1064
694,100304,30,23650,6825,冻结周身范围内的目标，使其受到{0}伤害，附加{1}点额外伤害，并定身2秒。,1092
695,100304,31,24000,7000,冻结周身范围内的目标，使其受到{0}伤害，附加{1}点额外伤害，并定身2秒。,1120
696,100304,32,24350,7175,冻结周身范围内的目标，使其受到{0}伤害，附加{1}点额外伤害，并定身2秒。,1148
697,100304,33,24700,7350,冻结周身范围内的目标，使其受到{0}伤害，附加{1}点额外伤害，并定身2秒。,1176
698,100304,34,25050,7525,冻结周身范围内的目标，使其受到{0}伤害，附加{1}点额外伤害，并定身2秒。,1204
699,100304,35,25400,7700,冻结周身范围内的目标，使其受到{0}伤害，附加{1}点额外伤害，并定身2秒。,1232
700,100304,36,25750,7875,冻结周身范围内的目标，使其受到{0}伤害，附加{1}点额外伤害，并定身2秒。,1260
701,100304,37,26100,8050,冻结周身范围内的目标，使其受到{0}伤害，附加{1}点额外伤害，并定身2秒。,1288
702,100304,38,26450,8225,冻结周身范围内的目标，使其受到{0}伤害，附加{1}点额外伤害，并定身2秒。,1316
703,100304,39,26800,8400,冻结周身范围内的目标，使其受到{0}伤害，附加{1}点额外伤害，并定身2秒。,1344
704,100304,40,27150,8575,冻结周身范围内的目标，使其受到{0}伤害，附加{1}点额外伤害，并定身2秒。,1372
705,100304,41,27500,8750,冻结周身范围内的目标，使其受到{0}伤害，附加{1}点额外伤害，并定身2秒。,1400
706,100305,0,0,0,被动技能：法力值可抵消受到的伤害\n(心力化虚，冰心为镜),0
707,100305,1,30,125,受到伤害时，法力的{0}将被用作抵消伤害，额外抵消{1}点伤害,0
708,100305,2,33,137,受到伤害时，法力的{0}将被用作抵消伤害，额外抵消{1}点伤害,0
709,100305,3,36,150,受到伤害时，法力的{0}将被用作抵消伤害，额外抵消{1}点伤害,0
710,100305,4,39,162,受到伤害时，法力的{0}将被用作抵消伤害，额外抵消{1}点伤害,0
711,100305,5,42,175,受到伤害时，法力的{0}将被用作抵消伤害，额外抵消{1}点伤害,0
712,100305,6,45,187,受到伤害时，法力的{0}将被用作抵消伤害，额外抵消{1}点伤害,0
713,100305,7,48,200,受到伤害时，法力的{0}将被用作抵消伤害，额外抵消{1}点伤害,0
714,100305,8,51,212,受到伤害时，法力的{0}将被用作抵消伤害，额外抵消{1}点伤害,0
715,100305,9,54,225,受到伤害时，法力的{0}将被用作抵消伤害，额外抵消{1}点伤害,0
716,100305,10,57,237,受到伤害时，法力的{0}将被用作抵消伤害，额外抵消{1}点伤害,0
717,100305,11,60,250,受到伤害时，法力的{0}将被用作抵消伤害，额外抵消{1}点伤害,0
718,100305,12,63,262,受到伤害时，法力的{0}将被用作抵消伤害，额外抵消{1}点伤害,0
719,100305,13,66,275,受到伤害时，法力的{0}将被用作抵消伤害，额外抵消{1}点伤害,0
720,100305,14,69,287,受到伤害时，法力的{0}将被用作抵消伤害，额外抵消{1}点伤害,0
721,100305,15,72,300,受到伤害时，法力的{0}将被用作抵消伤害，额外抵消{1}点伤害,0
722,100305,16,75,312,受到伤害时，法力的{0}将被用作抵消伤害，额外抵消{1}点伤害,0
723,100305,17,78,325,受到伤害时，法力的{0}将被用作抵消伤害，额外抵消{1}点伤害,0
724,100305,18,81,337,受到伤害时，法力的{0}将被用作抵消伤害，额外抵消{1}点伤害,0
725,100305,19,84,350,受到伤害时，法力的{0}将被用作抵消伤害，额外抵消{1}点伤害,0
726,100305,20,87,362,受到伤害时，法力的{0}将被用作抵消伤害，额外抵消{1}点伤害,0
727,100305,21,90,375,受到伤害时，法力的{0}将被用作抵消伤害，额外抵消{1}点伤害,0
728,100305,22,93,387,受到伤害时，法力的{0}将被用作抵消伤害，额外抵消{1}点伤害,0
729,100305,23,96,400,受到伤害时，法力的{0}将被用作抵消伤害，额外抵消{1}点伤害,0
730,100305,24,99,412,受到伤害时，法力的{0}将被用作抵消伤害，额外抵消{1}点伤害,0
731,100305,25,102,425,受到伤害时，法力的{0}将被用作抵消伤害，额外抵消{1}点伤害,0
732,100305,26,105,437,受到伤害时，法力的{0}将被用作抵消伤害，额外抵消{1}点伤害,0
733,100305,27,108,450,受到伤害时，法力的{0}将被用作抵消伤害，额外抵消{1}点伤害,0
734,100305,28,111,462,受到伤害时，法力的{0}将被用作抵消伤害，额外抵消{1}点伤害,0
735,100305,29,114,475,受到伤害时，法力的{0}将被用作抵消伤害，额外抵消{1}点伤害,0
736,100305,30,117,487,受到伤害时，法力的{0}将被用作抵消伤害，额外抵消{1}点伤害,0
737,100305,31,120,500,受到伤害时，法力的{0}将被用作抵消伤害，额外抵消{1}点伤害,0
738,100305,32,123,512,受到伤害时，法力的{0}将被用作抵消伤害，额外抵消{1}点伤害,0
739,100305,33,126,525,受到伤害时，法力的{0}将被用作抵消伤害，额外抵消{1}点伤害,0
740,100305,34,129,537,受到伤害时，法力的{0}将被用作抵消伤害，额外抵消{1}点伤害,0
741,100305,35,132,550,受到伤害时，法力的{0}将被用作抵消伤害，额外抵消{1}点伤害,0
742,100305,36,135,562,受到伤害时，法力的{0}将被用作抵消伤害，额外抵消{1}点伤害,0
743,100305,37,138,575,受到伤害时，法力的{0}将被用作抵消伤害，额外抵消{1}点伤害,0
744,100305,38,141,587,受到伤害时，法力的{0}将被用作抵消伤害，额外抵消{1}点伤害,0
745,100305,39,144,600,受到伤害时，法力的{0}将被用作抵消伤害，额外抵消{1}点伤害,0
746,100305,40,147,612,受到伤害时，法力的{0}将被用作抵消伤害，额外抵消{1}点伤害,0
747,100305,41,150,625,受到伤害时，法力的{0}将被用作抵消伤害，额外抵消{1}点伤害,0
748,100306,0,0,0,被动技能：攻击时有几率提高造成的伤害\n(心力攻伐，灭绝生机),0
749,100306,1,1000,0,攻击时有几率使自身造成的伤害提高{0}，持续5秒,0
750,100306,2,1100,0,攻击时有几率使自身造成的伤害提高{0}，持续5秒,0
751,100306,3,1200,0,攻击时有几率使自身造成的伤害提高{0}，持续5秒,0
752,100306,4,1300,0,攻击时有几率使自身造成的伤害提高{0}，持续5秒,0
753,100306,5,1400,0,攻击时有几率使自身造成的伤害提高{0}，持续5秒,0
754,100306,6,1500,0,攻击时有几率使自身造成的伤害提高{0}，持续5秒,0
755,100306,7,1600,0,攻击时有几率使自身造成的伤害提高{0}，持续5秒,0
756,100306,8,1700,0,攻击时有几率使自身造成的伤害提高{0}，持续5秒,0
757,100306,9,1800,0,攻击时有几率使自身造成的伤害提高{0}，持续5秒,0
758,100306,10,1900,0,攻击时有几率使自身造成的伤害提高{0}，持续5秒,0
759,100306,11,2000,0,攻击时有几率使自身造成的伤害提高{0}，持续5秒,0
760,100306,12,2100,0,攻击时有几率使自身造成的伤害提高{0}，持续5秒,0
761,100306,13,2200,0,攻击时有几率使自身造成的伤害提高{0}，持续5秒,0
762,100306,14,2300,0,攻击时有几率使自身造成的伤害提高{0}，持续5秒,0
763,100306,15,2400,0,攻击时有几率使自身造成的伤害提高{0}，持续5秒,0
764,100306,16,2500,0,攻击时有几率使自身造成的伤害提高{0}，持续5秒,0
765,100306,17,2600,0,攻击时有几率使自身造成的伤害提高{0}，持续5秒,0
766,100306,18,2700,0,攻击时有几率使自身造成的伤害提高{0}，持续5秒,0
767,100306,19,2800,0,攻击时有几率使自身造成的伤害提高{0}，持续5秒,0
768,100306,20,2900,0,攻击时有几率使自身造成的伤害提高{0}，持续5秒,0
769,100306,21,3000,0,攻击时有几率使自身造成的伤害提高{0}，持续5秒,0
770,100306,22,3100,0,攻击时有几率使自身造成的伤害提高{0}，持续5秒,0
771,100306,23,3200,0,攻击时有几率使自身造成的伤害提高{0}，持续5秒,0
772,100306,24,3300,0,攻击时有几率使自身造成的伤害提高{0}，持续5秒,0
773,100306,25,3400,0,攻击时有几率使自身造成的伤害提高{0}，持续5秒,0
774,100306,26,3500,0,攻击时有几率使自身造成的伤害提高{0}，持续5秒,0
775,100306,27,3600,0,攻击时有几率使自身造成的伤害提高{0}，持续5秒,0
776,100306,28,3700,0,攻击时有几率使自身造成的伤害提高{0}，持续5秒,0
777,100306,29,3800,0,攻击时有几率使自身造成的伤害提高{0}，持续5秒,0
778,100306,30,3900,0,攻击时有几率使自身造成的伤害提高{0}，持续5秒,0
779,100306,31,4000,0,攻击时有几率使自身造成的伤害提高{0}，持续5秒,0
780,100306,32,4100,0,攻击时有几率使自身造成的伤害提高{0}，持续5秒,0
781,100306,33,4200,0,攻击时有几率使自身造成的伤害提高{0}，持续5秒,0
782,100306,34,4300,0,攻击时有几率使自身造成的伤害提高{0}，持续5秒,0
783,100306,35,4400,0,攻击时有几率使自身造成的伤害提高{0}，持续5秒,0
784,100306,36,4500,0,攻击时有几率使自身造成的伤害提高{0}，持续5秒,0
785,100306,37,4600,0,攻击时有几率使自身造成的伤害提高{0}，持续5秒,0
786,100306,38,4700,0,攻击时有几率使自身造成的伤害提高{0}，持续5秒,0
787,100306,39,4800,0,攻击时有几率使自身造成的伤害提高{0}，持续5秒,0
788,100306,40,4900,0,攻击时有几率使自身造成的伤害提高{0}，持续5秒,0
789,100306,41,5000,0,攻击时有几率使自身造成的伤害提高{0}，持续5秒,0
790,700001,1,26000,0,范围内对多个目标造成260%的伤害，CD15秒，触发概率20%,0
791,700002,1,22000,0,范围内对多个目标造成220%的伤害，CD15秒，触发概率20%,0
792,700003,1,14000,0,范围内对多个目标造成140%的伤害，CD15秒，触发概率20%,0
793,700004,1,12000,0,范围内对多个目标造成120%的伤害，CD15秒，触发概率20%,0
794,700005,1,10000,0,对目标造成100%伤害,减少12%攻击,持续4秒，CD20秒，触发概率10%,0
795,700006,1,10000,0,对目标造成100%伤害,减少9%攻击,持续4秒，CD20秒，触发概率10%,0
796,700007,1,10000,0,对目标造成100%伤害,减少3%攻击,持续4秒，CD20秒，触发概率10%,0
797,700008,1,10000,0,对目标造成100%伤害,减少1.5%攻击,持续4秒，CD20秒，触发概率10%,0
798,700009,1,10000,0,对目标造成100%伤害,减少20%防御,持续4秒，CD15秒，触发概率10%,0
799,700010,1,10000,0,对目标造成100%伤害,减少15%防御,持续4秒，CD15秒，触发概率10%,0
800,700011,1,10000,0,对目标造成100%伤害,减少5%防御,持续4秒，CD15秒，触发概率10%,0
801,700012,1,10000,0,对目标造成100%伤害,减少2.5%防御,持续4秒，CD15秒，触发概率10%,0
802,700013,1,0,0,增加攻击力16%,持续5秒，CD15秒，触发概率10%,0
803,700014,1,0,0,增加攻击力12%,持续5秒，CD15秒，触发概率10%,0
804,700015,1,0,0,增加攻击力4%,持续5秒，CD15秒，触发概率10%,0
805,700016,1,0,0,增加攻击力2%,持续5秒，CD15秒，触发概率10%,0
806,700017,1,34000,0,造成340%的伤害，CD10秒，触发概率20%,0
807,700018,1,28000,0,造成280%的伤害，CD10秒，触发概率20%,0
808,700019,1,16000,0,造成160%的伤害，CD10秒，触发概率20%,0
809,700020,1,13000,0,造成130%的伤害，CD10秒，触发概率20%,0
810,700021,1,10000,0,对目标造成100%伤害,替主人减少16%伤害,持续5秒，CD15秒，触发概率10%,0
811,700022,1,10000,0,对目标造成100%伤害,替主人减少12%伤害,持续5秒，CD15秒，触发概率10%,0
812,700023,1,10000,0,对目标造成100%伤害,替主人减少4%伤害,持续5秒，CD15秒，触发概率10%,0
813,700024,1,10000,0,对目标造成100%伤害,替主人减少2%伤害,持续5秒，CD15秒，触发概率10%,0
814,700025,1,22000,0,对单体造成220%伤害,每秒16%攻击力伤害,持续4秒，CD20秒，触发概率10%,0
815,700026,1,22000,0,对单体造成220%伤害,每秒12%攻击力伤害,持续4秒，CD20秒，触发概率10%,0
816,700027,1,22000,0,对单体造成220%伤害,每秒4%攻击力伤害,持续4秒，CD20秒，触发概率10%,0
817,700028,1,22000,0,对单体造成220%伤害,每秒2%攻击力伤害,持续4秒，CD20秒，触发概率10%,0
818,700029,1,30000,0,对目标造成300%伤害,减少40%移动速度4秒，CD10秒，触发概率10%,0
819,700030,1,30000,0,对目标造成300%伤害,减少30%移动速度4秒，CD10秒，触发概率10%,0
820,700031,1,30000,0,对目标造成300%伤害,减少10%移动速度4秒，CD10秒，触发概率10%,0
821,700032,1,30000,0,对目标造成300%伤害,减少5%移动速度4秒，CD10秒，触发概率10%,0
822,700033,1,10000,0,远程攻击,对目标造成100%伤害,眩晕1.6秒，CD25秒，触发概率4%,0
823,700034,1,10000,0,远程攻击,对目标造成100%伤害,眩晕1.2秒，CD25秒，触发概率4%,0
824,700035,1,10000,0,远程攻击,对目标造成100%伤害,眩晕0.4秒，CD25秒，触发概率4%,0
825,700036,1,10000,0,远程攻击,对目标造成100%伤害,眩晕0.2秒，CD25秒，触发概率4%,0
826,700037,1,10000,0,远程攻击,对目标造成100%伤害,封魔3.2秒，CD30秒，触发概率5%,0
827,700038,1,10000,0,远程攻击,对目标造成100%伤害,封魔2.4秒，CD30秒，触发概率5%,0
828,700039,1,10000,0,远程攻击,对目标造成100%伤害,封魔0.8秒，CD30秒，触发概率5%,0
829,700040,1,10000,0,远程攻击,对目标造成100%伤害,封魔0.4秒，CD30秒，触发概率5%,0
830,300004,1,0,0,怪物技能,0
831,300005,1,0,0,怪物技能,0
832,300006,1,0,0,怪物技能,0
833,300007,1,0,0,怪物技能,0
834,300008,1,0,0,怪物技能,0
835,300009,1,0,0,怪物技能,0
836,300010,1,0,0,怪物技能,0
837,300011,1,0,0,怪物技能,0
838,300012,1,0,0,怪物技能,0
839,300001,1,5000,0,坠龙窟技能,0
840,300002,1,5000,0,坠龙窟技能,0
841,300003,1,1500,0,坠龙窟技能,0
842,300013,1,0,0,怪物技能,0
843,300014,1,0,0,怪物技能,0
844,300015,1,0,0,怪物技能,0
845,300016,1,0,0,怪物技能,0
846,300017,1,0,0,怪物技能,0
847,300018,1,0,0,怪物技能,0
848,300019,1,0,0,怪物技能,0
849,300020,1,0,0,怪物技能,0
850,900,1,10000,0,怪物技能,0
851,901,1,10000,0,怪物技能,0
852,902,1,10000,0,怪物技能,0
853,903,1,10000,0,怪物技能,0
854,904,1,10000,0,怪物技能,0
855,905,1,10000,0,怪物技能,0
856,906,1,10000,0,怪物技能,0
857,907,1,10000,0,怪物技能,0
858,908,1,10000,0,怪物技能,0
859,909,1,10000,0,怪物技能,0
860,910,1,10000,0,怪物技能,0
861,911,1,10000,0,怪物技能,0
862,912,1,10000,0,怪物技能,0
863,913,1,10000,0,怪物技能,0
864,914,1,10000,0,怪物技能,0
865,915,1,10000,0,怪物技能,0
866,916,1,10000,0,怪物技能,0
867,917,1,10000,0,怪物技能,0
868,918,1,10000,0,怪物技能,0
869,919,1,10000,0,怪物技能,0
870,800001,0,-1,0,单体技能：神念激荡冲击敌方神魂，使敌方眩晕\n(神识心念，撼心荡魂),0
871,800001,1,-1,200,神念激荡冲击敌方神魂。施法距离8米，使敌方眩晕{0}秒。,0
872,800001,2,-1,240,神念激荡冲击敌方神魂。施法距离8米，使敌方眩晕{0}秒。,0
873,800001,3,-1,280,神念激荡冲击敌方神魂。施法距离8米，使敌方眩晕{0}秒。,0
874,800001,4,-1,320,神念激荡冲击敌方神魂。施法距离8米，使敌方眩晕{0}秒。,0
875,800001,5,-1,360,神念激荡冲击敌方神魂。施法距离8米，使敌方眩晕{0}秒。,0
876,800001,6,-1,400,神念激荡冲击敌方神魂。施法距离8米，使敌方眩晕{0}秒。,0
877,800001,7,-1,440,神念激荡冲击敌方神魂。施法距离8米，使敌方眩晕{0}秒。,0
878,800001,8,-1,480,神念激荡冲击敌方神魂。施法距离8米，使敌方眩晕{0}秒。,0
879,800001,9,-1,520,神念激荡冲击敌方神魂。施法距离8米，使敌方眩晕{0}秒。,0
880,800001,10,-1,560,神念激荡冲击敌方神魂。施法距离8米，使敌方眩晕{0}秒。,0
881,800002,0,-1,0,单体技能：使灵魂陷入疯狂，激发极致力量。降低自身50%防御，提升70%攻击\n(千刃万杀，吾意成狂),0
882,800002,1,-1,200,使灵魂陷入疯狂，激发极致力量。降低自身50%防御，提升70%攻击，持续时间{0}秒。,0
883,800002,2,-1,250,使灵魂陷入疯狂，激发极致力量。降低自身50%防御，提升70%攻击，持续时间{0}秒。,0
884,800002,3,-1,300,使灵魂陷入疯狂，激发极致力量。降低自身50%防御，提升70%攻击，持续时间{0}秒。,0
885,800002,4,-1,350,使灵魂陷入疯狂，激发极致力量。降低自身50%防御，提升70%攻击，持续时间{0}秒。,0
886,800002,5,-1,400,使灵魂陷入疯狂，激发极致力量。降低自身50%防御，提升70%攻击，持续时间{0}秒。,0
887,800002,6,-1,450,使灵魂陷入疯狂，激发极致力量。降低自身50%防御，提升70%攻击，持续时间{0}秒。,0
888,800002,7,-1,500,使灵魂陷入疯狂，激发极致力量。降低自身50%防御，提升70%攻击，持续时间{0}秒。,0
889,800002,8,-1,550,使灵魂陷入疯狂，激发极致力量。降低自身50%防御，提升70%攻击，持续时间{0}秒。,0
890,800002,9,-1,600,使灵魂陷入疯狂，激发极致力量。降低自身50%防御，提升70%攻击，持续时间{0}秒。,0
891,800002,10,-1,650,使灵魂陷入疯狂，激发极致力量。降低自身50%防御，提升70%攻击，持续时间{0}秒。,0
892,800003,0,-1,0,单体技能：施展金像神通，令肉身无坚不摧。自身无敌，并回复10%生命值。\n(精金神体，不朽不灭),0
893,800003,1,-1,270,施展金像神通，令肉身无坚不摧。自身无敌{0}秒，并回复10%生命值。,0
894,800003,2,-1,290,施展金像神通，令肉身无坚不摧。自身无敌{0}秒，并回复10%生命值。,0
895,800003,3,-1,310,施展金像神通，令肉身无坚不摧。自身无敌{0}秒，并回复10%生命值。,0
896,800003,4,-1,330,施展金像神通，令肉身无坚不摧。自身无敌{0}秒，并回复10%生命值。,0
897,800003,5,-1,350,施展金像神通，令肉身无坚不摧。自身无敌{0}秒，并回复10%生命值。,0
898,800003,6,-1,370,施展金像神通，令肉身无坚不摧。自身无敌{0}秒，并回复10%生命值。,0
899,800003,7,-1,390,施展金像神通，令肉身无坚不摧。自身无敌{0}秒，并回复10%生命值。,0
900,800003,8,-1,410,施展金像神通，令肉身无坚不摧。自身无敌{0}秒，并回复10%生命值。,0
901,800003,9,-1,430,施展金像神通，令肉身无坚不摧。自身无敌{0}秒，并回复10%生命值。,0
902,800003,10,-1,450,施展金像神通，令肉身无坚不摧。自身无敌{0}秒，并回复10%生命值。,0
903,800004,0,-1,0,被动技能：以九重混沌禁制封印敌人术法。攻击时有概率使敌人沉默\n(混沌禁法，无语无为),0
904,800004,1,-1,200,被动技能，以九重混沌禁制封印敌人术法。攻击时有概率使敌人沉默{0}秒。,0
905,800004,2,-1,230,被动技能，以九重混沌禁制封印敌人术法。攻击时有概率使敌人沉默{0}秒。,0
906,800004,3,-1,260,被动技能，以九重混沌禁制封印敌人术法。攻击时有概率使敌人沉默{0}秒。,0
907,800004,4,-1,290,被动技能，以九重混沌禁制封印敌人术法。攻击时有概率使敌人沉默{0}秒。,0
908,800004,5,-1,320,被动技能，以九重混沌禁制封印敌人术法。攻击时有概率使敌人沉默{0}秒。,0
909,800004,6,-1,350,被动技能，以九重混沌禁制封印敌人术法。攻击时有概率使敌人沉默{0}秒。,0
910,800004,7,-1,380,被动技能，以九重混沌禁制封印敌人术法。攻击时有概率使敌人沉默{0}秒。,0
911,800004,8,-1,410,被动技能，以九重混沌禁制封印敌人术法。攻击时有概率使敌人沉默{0}秒。,0
912,800004,9,-1,440,被动技能，以九重混沌禁制封印敌人术法。攻击时有概率使敌人沉默{0}秒。,0
913,800004,10,-1,470,被动技能，以九重混沌禁制封印敌人术法。攻击时有概率使敌人沉默{0}秒。,0
914,800005,0,-1,0,被动技能：咏唱灵言，为武器赋予破防之力。攻击时有概率使敌方防御消失\n(舌绽莲花，言出法随),0
915,800005,1,-1,250,被动技能，咏唱灵言，为武器赋予破防之力。攻击时有概率使敌方防御消失持续{0}秒。,0
916,800005,2,-1,300,被动技能，咏唱灵言，为武器赋予破防之力。攻击时有概率使敌方防御消失持续{0}秒。,0
917,800005,3,-1,350,被动技能，咏唱灵言，为武器赋予破防之力。攻击时有概率使敌方防御消失持续{0}秒。,0
918,800005,4,-1,400,被动技能，咏唱灵言，为武器赋予破防之力。攻击时有概率使敌方防御消失持续{0}秒。,0
919,800005,5,-1,450,被动技能，咏唱灵言，为武器赋予破防之力。攻击时有概率使敌方防御消失持续{0}秒。,0
920,800005,6,-1,500,被动技能，咏唱灵言，为武器赋予破防之力。攻击时有概率使敌方防御消失持续{0}秒。,0
921,800005,7,-1,550,被动技能，咏唱灵言，为武器赋予破防之力。攻击时有概率使敌方防御消失持续{0}秒。,0
922,800005,8,-1,600,被动技能，咏唱灵言，为武器赋予破防之力。攻击时有概率使敌方防御消失持续{0}秒。,0
923,800005,9,-1,650,被动技能，咏唱灵言，为武器赋予破防之力。攻击时有概率使敌方防御消失持续{0}秒。,0
924,800005,10,-1,700,被动技能，咏唱灵言，为武器赋予破防之力。攻击时有概率使敌方防御消失持续{0}秒。,0
925,800006,0,0,-1,被动技能：运用心力打出致命一击。攻击时有概率进打出双倍伤害\n(心力锁魂，神击惊天),0
926,800006,1,250,-1,被动技能，运用心力打出致命一击。攻击时{0}概率进打出双倍伤害。,0
927,800006,2,280,-1,被动技能，运用心力打出致命一击。攻击时{0}概率进打出双倍伤害。,0
928,800006,3,310,-1,被动技能，运用心力打出致命一击。攻击时{0}概率进打出双倍伤害。,0
929,800006,4,340,-1,被动技能，运用心力打出致命一击。攻击时{0}概率进打出双倍伤害。,0
930,800006,5,370,-1,被动技能，运用心力打出致命一击。攻击时{0}概率进打出双倍伤害。,0
931,800006,6,400,-1,被动技能，运用心力打出致命一击。攻击时{0}概率进打出双倍伤害。,0
932,800006,7,430,-1,被动技能，运用心力打出致命一击。攻击时{0}概率进打出双倍伤害。,0
933,800006,8,460,-1,被动技能，运用心力打出致命一击。攻击时{0}概率进打出双倍伤害。,0
934,800006,9,490,-1,被动技能，运用心力打出致命一击。攻击时{0}概率进打出双倍伤害。,0
935,800006,10,520,-1,被动技能，运用心力打出致命一击。攻击时{0}概率进打出双倍伤害。,0
936,800007,0,-1,0,被动技能：汲取大地之力，增加自身防御力\n（身化山岭，巍然不动）,0
937,800007,1,-1,15000,被动技能，汲取大地之力，增加{0}防御力。,0
938,800007,2,-1,30000,被动技能，汲取大地之力，增加{0}防御力。,0
939,800007,3,-1,45000,被动技能，汲取大地之力，增加{0}防御力。,0
940,800007,4,-1,60000,被动技能，汲取大地之力，增加{0}防御力。,0
941,800007,5,-1,75000,被动技能，汲取大地之力，增加{0}防御力。,0
942,800007,6,-1,90000,被动技能，汲取大地之力，增加{0}防御力。,0
943,800007,7,-1,110000,被动技能，汲取大地之力，增加{0}防御力。,0
944,800007,8,-1,130000,被动技能，汲取大地之力，增加{0}防御力。,0
945,800007,9,-1,150000,被动技能，汲取大地之力，增加{0}防御力。,0
946,800007,10,-1,170000,被动技能，汲取大地之力，增加{0}防御力。,0
947,800007,11,-1,190000,被动技能，汲取大地之力，增加{0}防御力。,0
948,800007,12,-1,210000,被动技能，汲取大地之力，增加{0}防御力。,0
949,800007,13,-1,230000,被动技能，汲取大地之力，增加{0}防御力。,0
950,800007,14,-1,250000,被动技能，汲取大地之力，增加{0}防御力。,0
951,800007,15,-1,270000,被动技能，汲取大地之力，增加{0}防御力。,0
952,800007,16,-1,290000,被动技能，汲取大地之力，增加{0}防御力。,0
953,800007,17,-1,310000,被动技能，汲取大地之力，增加{0}防御力。,0
954,800007,18,-1,330000,被动技能，汲取大地之力，增加{0}防御力。,0
955,800007,19,-1,350000,被动技能，汲取大地之力，增加{0}防御力。,0
956,800007,20,-1,370000,被动技能，汲取大地之力，增加{0}防御力。,0
957,800007,21,-1,390000,被动技能，汲取大地之力，增加{0}防御力。,0
958,800007,22,-1,410000,被动技能，汲取大地之力，增加{0}防御力。,0
959,800007,23,-1,430000,被动技能，汲取大地之力，增加{0}防御力。,0
960,800007,24,-1,450000,被动技能，汲取大地之力，增加{0}防御力。,0
961,800007,25,-1,470000,被动技能，汲取大地之力，增加{0}防御力。,0
962,800007,26,-1,490000,被动技能，汲取大地之力，增加{0}防御力。,0
963,800007,27,-1,510000,被动技能，汲取大地之力，增加{0}防御力。,0
964,800007,28,-1,530000,被动技能，汲取大地之力，增加{0}防御力。,0
965,800007,29,-1,550000,被动技能，汲取大地之力，增加{0}防御力。,0
966,800007,30,-1,570000,被动技能，汲取大地之力，增加{0}防御力。,0
967,800007,31,-1,590000,被动技能，汲取大地之力，增加{0}防御力。,0
968,800007,32,-1,610000,被动技能，汲取大地之力，增加{0}防御力。,0
969,800007,33,-1,630000,被动技能，汲取大地之力，增加{0}防御力。,0
970,800007,34,-1,650000,被动技能，汲取大地之力，增加{0}防御力。,0
971,800007,35,-1,670000,被动技能，汲取大地之力，增加{0}防御力。,0
972,800007,36,-1,690000,被动技能，汲取大地之力，增加{0}防御力。,0
973,800007,37,-1,710000,被动技能，汲取大地之力，增加{0}防御力。,0
974,800007,38,-1,730000,被动技能，汲取大地之力，增加{0}防御力。,0
975,800007,39,-1,750000,被动技能，汲取大地之力，增加{0}防御力。,0
976,800007,40,-1,770000,被动技能，汲取大地之力，增加{0}防御力。,0
977,800007,41,-1,790000,被动技能，汲取大地之力，增加{0}防御力。,0
978,800007,42,-1,810000,被动技能，汲取大地之力，增加{0}防御力。,0
979,800007,43,-1,830000,被动技能，汲取大地之力，增加{0}防御力。,0
980,800007,44,-1,850000,被动技能，汲取大地之力，增加{0}防御力。,0
981,800007,45,-1,870000,被动技能，汲取大地之力，增加{0}防御力。,0
982,800007,46,-1,890000,被动技能，汲取大地之力，增加{0}防御力。,0
983,800007,47,-1,910000,被动技能，汲取大地之力，增加{0}防御力。,0
984,800007,48,-1,930000,被动技能，汲取大地之力，增加{0}防御力。,0
985,800007,49,-1,950000,被动技能，汲取大地之力，增加{0}防御力。,0
986,800007,50,-1,970000,被动技能，汲取大地之力，增加{0}防御力。,0
987,800007,51,-1,990000,被动技能，汲取大地之力，增加{0}防御力。,0
988,800007,52,-1,1010000,被动技能，汲取大地之力，增加{0}防御力。,0
989,800007,53,-1,1030000,被动技能，汲取大地之力，增加{0}防御力。,0
990,800007,54,-1,1050000,被动技能，汲取大地之力，增加{0}防御力。,0
991,800007,55,-1,1070000,被动技能，汲取大地之力，增加{0}防御力。,0
992,800007,56,-1,1090000,被动技能，汲取大地之力，增加{0}防御力。,0
993,800007,57,-1,1110000,被动技能，汲取大地之力，增加{0}防御力。,0
994,800007,58,-1,1130000,被动技能，汲取大地之力，增加{0}防御力。,0
995,800007,59,-1,1150000,被动技能，汲取大地之力，增加{0}防御力。,0
996,800007,60,-1,1170000,被动技能，汲取大地之力，增加{0}防御力。,0
997,800007,61,-1,1190000,被动技能，汲取大地之力，增加{0}防御力。,0
998,800007,62,-1,1210000,被动技能，汲取大地之力，增加{0}防御力。,0
999,800007,63,-1,1230000,被动技能，汲取大地之力，增加{0}防御力。,0
1000,800007,64,-1,1250000,被动技能，汲取大地之力，增加{0}防御力。,0
1001,800007,65,-1,1270000,被动技能，汲取大地之力，增加{0}防御力。,0
1002,800007,66,-1,1290000,被动技能，汲取大地之力，增加{0}防御力。,0
1003,800007,67,-1,1310000,被动技能，汲取大地之力，增加{0}防御力。,0
1004,800007,68,-1,1330000,被动技能，汲取大地之力，增加{0}防御力。,0
1005,800007,69,-1,1350000,被动技能，汲取大地之力，增加{0}防御力。,0
1006,800007,70,-1,1370000,被动技能，汲取大地之力，增加{0}防御力。,0
1007,800007,71,-1,1390000,被动技能，汲取大地之力，增加{0}防御力。,0
1008,800007,72,-1,1410000,被动技能，汲取大地之力，增加{0}防御力。,0
1009,800007,73,-1,1430000,被动技能，汲取大地之力，增加{0}防御力。,0
1010,800007,74,-1,1450000,被动技能，汲取大地之力，增加{0}防御力。,0
1011,800007,75,-1,1470000,被动技能，汲取大地之力，增加{0}防御力。,0
1012,800007,76,-1,1490000,被动技能，汲取大地之力，增加{0}防御力。,0
1013,800007,77,-1,1510000,被动技能，汲取大地之力，增加{0}防御力。,0
1014,800007,78,-1,1530000,被动技能，汲取大地之力，增加{0}防御力。,0
1015,800007,79,-1,1550000,被动技能，汲取大地之力，增加{0}防御力。,0
1016,800007,80,-1,1570000,被动技能，汲取大地之力，增加{0}防御力。,0
1017,800007,81,-1,1590000,被动技能，汲取大地之力，增加{0}防御力。,0
1018,800007,82,-1,1610000,被动技能，汲取大地之力，增加{0}防御力。,0
1019,800007,83,-1,1630000,被动技能，汲取大地之力，增加{0}防御力。,0
1020,800007,84,-1,1650000,被动技能，汲取大地之力，增加{0}防御力。,0
1021,800007,85,-1,1670000,被动技能，汲取大地之力，增加{0}防御力。,0
1022,800007,86,-1,1690000,被动技能，汲取大地之力，增加{0}防御力。,0
1023,800007,87,-1,1710000,被动技能，汲取大地之力，增加{0}防御力。,0
1024,800007,88,-1,1730000,被动技能，汲取大地之力，增加{0}防御力。,0
1025,800007,89,-1,1750000,被动技能，汲取大地之力，增加{0}防御力。,0
1026,800007,90,-1,1770000,被动技能，汲取大地之力，增加{0}防御力。,0
1027,800007,91,-1,1790000,被动技能，汲取大地之力，增加{0}防御力。,0
1028,800007,92,-1,1810000,被动技能，汲取大地之力，增加{0}防御力。,0
1029,800007,93,-1,1830000,被动技能，汲取大地之力，增加{0}防御力。,0
1030,800007,94,-1,1850000,被动技能，汲取大地之力，增加{0}防御力。,0
1031,800007,95,-1,1870000,被动技能，汲取大地之力，增加{0}防御力。,0
1032,800007,96,-1,1890000,被动技能，汲取大地之力，增加{0}防御力。,0
1033,800007,97,-1,1910000,被动技能，汲取大地之力，增加{0}防御力。,0
1034,800007,98,-1,1930000,被动技能，汲取大地之力，增加{0}防御力。,0
1035,800007,99,-1,1950000,被动技能，汲取大地之力，增加{0}防御力。,0
1036,800007,100,-1,1970000,被动技能，汲取大地之力，增加{0}防御力。,0
1037,800008,0,-1,0,被动技能：汲取天地元力，增加自身攻击力\n（武炼凝元，神力撼天）,0
1038,800008,1,-1,30000,被动技能，汲取天地元力，增加{0}攻击力。,0
1039,800008,2,-1,60000,被动技能，汲取天地元力，增加{0}攻击力。,0
1040,800008,3,-1,90000,被动技能，汲取天地元力，增加{0}攻击力。,0
1041,800008,4,-1,120000,被动技能，汲取天地元力，增加{0}攻击力。,0
1042,800008,5,-1,150000,被动技能，汲取天地元力，增加{0}攻击力。,0
1043,800008,6,-1,180000,被动技能，汲取天地元力，增加{0}攻击力。,0
1044,800008,7,-1,220000,被动技能，汲取天地元力，增加{0}攻击力。,0
1045,800008,8,-1,260000,被动技能，汲取天地元力，增加{0}攻击力。,0
1046,800008,9,-1,300000,被动技能，汲取天地元力，增加{0}攻击力。,0
1047,800008,10,-1,340000,被动技能，汲取天地元力，增加{0}攻击力。,0
1048,800008,11,-1,380000,被动技能，汲取天地元力，增加{0}攻击力。,0
1049,800008,12,-1,420000,被动技能，汲取天地元力，增加{0}攻击力。,0
1050,800008,13,-1,460000,被动技能，汲取天地元力，增加{0}攻击力。,0
1051,800008,14,-1,500000,被动技能，汲取天地元力，增加{0}攻击力。,0
1052,800008,15,-1,540000,被动技能，汲取天地元力，增加{0}攻击力。,0
1053,800008,16,-1,580000,被动技能，汲取天地元力，增加{0}攻击力。,0
1054,800008,17,-1,620000,被动技能，汲取天地元力，增加{0}攻击力。,0
1055,800008,18,-1,660000,被动技能，汲取天地元力，增加{0}攻击力。,0
1056,800008,19,-1,700000,被动技能，汲取天地元力，增加{0}攻击力。,0
1057,800008,20,-1,740000,被动技能，汲取天地元力，增加{0}攻击力。,0
1058,800008,21,-1,780000,被动技能，汲取天地元力，增加{0}攻击力。,0
1059,800008,22,-1,820000,被动技能，汲取天地元力，增加{0}攻击力。,0
1060,800008,23,-1,860000,被动技能，汲取天地元力，增加{0}攻击力。,0
1061,800008,24,-1,900000,被动技能，汲取天地元力，增加{0}攻击力。,0
1062,800008,25,-1,940000,被动技能，汲取天地元力，增加{0}攻击力。,0
1063,800008,26,-1,980000,被动技能，汲取天地元力，增加{0}攻击力。,0
1064,800008,27,-1,1020000,被动技能，汲取天地元力，增加{0}攻击力。,0
1065,800008,28,-1,1060000,被动技能，汲取天地元力，增加{0}攻击力。,0
1066,800008,29,-1,1100000,被动技能，汲取天地元力，增加{0}攻击力。,0
1067,800008,30,-1,1140000,被动技能，汲取天地元力，增加{0}攻击力。,0
1068,800008,31,-1,1180000,被动技能，汲取天地元力，增加{0}攻击力。,0
1069,800008,32,-1,1220000,被动技能，汲取天地元力，增加{0}攻击力。,0
1070,800008,33,-1,1260000,被动技能，汲取天地元力，增加{0}攻击力。,0
1071,800008,34,-1,1300000,被动技能，汲取天地元力，增加{0}攻击力。,0
1072,800008,35,-1,1340000,被动技能，汲取天地元力，增加{0}攻击力。,0
1073,800008,36,-1,1380000,被动技能，汲取天地元力，增加{0}攻击力。,0
1074,800008,37,-1,1420000,被动技能，汲取天地元力，增加{0}攻击力。,0
1075,800008,38,-1,1460000,被动技能，汲取天地元力，增加{0}攻击力。,0
1076,800008,39,-1,1500000,被动技能，汲取天地元力，增加{0}攻击力。,0
1077,800008,40,-1,1540000,被动技能，汲取天地元力，增加{0}攻击力。,0
1078,800008,41,-1,1580000,被动技能，汲取天地元力，增加{0}攻击力。,0
1079,800008,42,-1,1620000,被动技能，汲取天地元力，增加{0}攻击力。,0
1080,800008,43,-1,1660000,被动技能，汲取天地元力，增加{0}攻击力。,0
1081,800008,44,-1,1700000,被动技能，汲取天地元力，增加{0}攻击力。,0
1082,800008,45,-1,1740000,被动技能，汲取天地元力，增加{0}攻击力。,0
1083,800008,46,-1,1780000,被动技能，汲取天地元力，增加{0}攻击力。,0
1084,800008,47,-1,1820000,被动技能，汲取天地元力，增加{0}攻击力。,0
1085,800008,48,-1,1860000,被动技能，汲取天地元力，增加{0}攻击力。,0
1086,800008,49,-1,1900000,被动技能，汲取天地元力，增加{0}攻击力。,0
1087,800008,50,-1,1940000,被动技能，汲取天地元力，增加{0}攻击力。,0
1088,800008,51,-1,1980000,被动技能，汲取天地元力，增加{0}攻击力。,0
1089,800008,52,-1,2020000,被动技能，汲取天地元力，增加{0}攻击力。,0
1090,800008,53,-1,2060000,被动技能，汲取天地元力，增加{0}攻击力。,0
1091,800008,54,-1,2100000,被动技能，汲取天地元力，增加{0}攻击力。,0
1092,800008,55,-1,2140000,被动技能，汲取天地元力，增加{0}攻击力。,0
1093,800008,56,-1,2180000,被动技能，汲取天地元力，增加{0}攻击力。,0
1094,800008,57,-1,2220000,被动技能，汲取天地元力，增加{0}攻击力。,0
1095,800008,58,-1,2260000,被动技能，汲取天地元力，增加{0}攻击力。,0
1096,800008,59,-1,2300000,被动技能，汲取天地元力，增加{0}攻击力。,0
1097,800008,60,-1,2340000,被动技能，汲取天地元力，增加{0}攻击力。,0
1098,800008,61,-1,2380000,被动技能，汲取天地元力，增加{0}攻击力。,0
1099,800008,62,-1,2420000,被动技能，汲取天地元力，增加{0}攻击力。,0
1100,800008,63,-1,2460000,被动技能，汲取天地元力，增加{0}攻击力。,0
1101,800008,64,-1,2500000,被动技能，汲取天地元力，增加{0}攻击力。,0
1102,800008,65,-1,2540000,被动技能，汲取天地元力，增加{0}攻击力。,0
1103,800008,66,-1,2580000,被动技能，汲取天地元力，增加{0}攻击力。,0
1104,800008,67,-1,2620000,被动技能，汲取天地元力，增加{0}攻击力。,0
1105,800008,68,-1,2660000,被动技能，汲取天地元力，增加{0}攻击力。,0
1106,800008,69,-1,2700000,被动技能，汲取天地元力，增加{0}攻击力。,0
1107,800008,70,-1,2740000,被动技能，汲取天地元力，增加{0}攻击力。,0
1108,800008,71,-1,2780000,被动技能，汲取天地元力，增加{0}攻击力。,0
1109,800008,72,-1,2820000,被动技能，汲取天地元力，增加{0}攻击力。,0
1110,800008,73,-1,2860000,被动技能，汲取天地元力，增加{0}攻击力。,0
1111,800008,74,-1,2900000,被动技能，汲取天地元力，增加{0}攻击力。,0
1112,800008,75,-1,2940000,被动技能，汲取天地元力，增加{0}攻击力。,0
1113,800008,76,-1,2980000,被动技能，汲取天地元力，增加{0}攻击力。,0
1114,800008,77,-1,3020000,被动技能，汲取天地元力，增加{0}攻击力。,0
1115,800008,78,-1,3060000,被动技能，汲取天地元力，增加{0}攻击力。,0
1116,800008,79,-1,3100000,被动技能，汲取天地元力，增加{0}攻击力。,0
1117,800008,80,-1,3140000,被动技能，汲取天地元力，增加{0}攻击力。,0
1118,800008,81,-1,3180000,被动技能，汲取天地元力，增加{0}攻击力。,0
1119,800008,82,-1,3220000,被动技能，汲取天地元力，增加{0}攻击力。,0
1120,800008,83,-1,3260000,被动技能，汲取天地元力，增加{0}攻击力。,0
1121,800008,84,-1,3300000,被动技能，汲取天地元力，增加{0}攻击力。,0
1122,800008,85,-1,3340000,被动技能，汲取天地元力，增加{0}攻击力。,0
1123,800008,86,-1,3380000,被动技能，汲取天地元力，增加{0}攻击力。,0
1124,800008,87,-1,3420000,被动技能，汲取天地元力，增加{0}攻击力。,0
1125,800008,88,-1,3460000,被动技能，汲取天地元力，增加{0}攻击力。,0
1126,800008,89,-1,3500000,被动技能，汲取天地元力，增加{0}攻击力。,0
1127,800008,90,-1,3540000,被动技能，汲取天地元力，增加{0}攻击力。,0
1128,800008,91,-1,3580000,被动技能，汲取天地元力，增加{0}攻击力。,0
1129,800008,92,-1,3620000,被动技能，汲取天地元力，增加{0}攻击力。,0
1130,800008,93,-1,3660000,被动技能，汲取天地元力，增加{0}攻击力。,0
1131,800008,94,-1,3700000,被动技能，汲取天地元力，增加{0}攻击力。,0
1132,800008,95,-1,3740000,被动技能，汲取天地元力，增加{0}攻击力。,0
1133,800008,96,-1,3780000,被动技能，汲取天地元力，增加{0}攻击力。,0
1134,800008,97,-1,3820000,被动技能，汲取天地元力，增加{0}攻击力。,0
1135,800008,98,-1,3860000,被动技能，汲取天地元力，增加{0}攻击力。,0
1136,800008,99,-1,3900000,被动技能，汲取天地元力，增加{0}攻击力。,0
1137,800008,100,-1,3940000,被动技能，汲取天地元力，增加{0}攻击力。,0
1138,300021,1,0,10000,怪物技能,0
1139,300022,1,0,3000,怪物技能,0
1140,300023,1,0,5000,怪物技能,0
1141,401001,1,100000,0,金守卫攻击,暴击率固定为75%（与敌方韧性无关），被攻击的敌方单位有50%几率眩晕1秒,0
1142,400101,1,10000,0,守卫1.1,0
1143,400102,1,25067,0,守卫1.2 所有塔的攻击力百分比提高,0
1144,400103,1,54000,0,守卫1.3 攻击间隔缩短, 所有塔的攻击力百分比提高（加法）,0
1145,400201,1,4000,0,守卫2.1 攻击范围内攻击的敌人数量为3，被攻击的敌人会被减速10% 3秒 不叠加,0
1146,400202,1,11040,0,守卫2.2 攻击范围内攻击的敌人数量为4，被攻击的敌人会被减速20% 3秒 不叠加,0
1147,400203,1,26367,0,守卫2.3 攻击范围内攻击的敌人数量为5，被攻击的敌人会被减速30% 3秒 不叠加,0
1148,400301,1,14000,0,守卫3.1,0
1149,400302,1,36533,0,守卫3.2 守卫暴击率固定为50%（与敌方韧性无关）,0
1150,400303,1,66433,0,守卫3.3 守卫暴击率固定为75%（与敌方韧性无关），被攻击的敌方单位有50%几率眩晕1秒,0
1151,400401,1,8000,0,守卫4.1 攻击范围内的所有敌人,0
1152,400402,1,20127,0,守卫4.2 攻击范围内所有敌人，范围扩大,0
1153,400403,1,39733,0,守卫4.3 攻击范围内所有敌人，范围扩大，无视敌方防御,0
1154,810001,1,3000,0,魔戒,0
1155,810002,1,5000,0,魔戒,0
1156,300024,1,20000,0,怪物技能,0
1157,300025,1,10000,0,怪物技能,0
1158,300026,1,0,0,怪物技能,0
1159,300027,1,5000,0,怪物技能,0
1160,300028,1,10000,0,周末活动boss1,0
1161,300029,1,10000,0,周末活动boss2,0
1162,300030,1,10000,0,周末活动boss3,0
1163,300031,1,10000,0,周末活动boss4,0
1164,300032,1,10000,0,周末活动boss5,0
1165,300033,1,10000,0,周末活动boss6,0
1166,300034,1,10000,0,翼蛇吐息,0
1167,700086,1,20000,0,红雪天神主动:对目标造成200%伤害，并降低目标20%防御，持续5s,0
1168,700087,1,15000,0,余薇主动:对圆形范围内敌人造成150%伤害，并附带灼烧，每秒减少1%生命上限的血量，持续5s,0
1169,700088,1,0,2000,九莲主动:给玩家增加回血buff,每秒回复200%+最大生命值1%的血量，持续5s,0
1170,700089,1,32000,0,孙悟空主动:对目标造成320%的伤害，并眩晕敌人，持续2s,0
1171,700091,1,25000,0,纪宁主动:对圆形范围内敌人造成250%伤害，并使目标沉默4s,0
1172,700095,1,0,0,木子朔主动:召唤攻击傀儡，每秒对目标造成100%的伤害，持续10s,0
